seed,model,task,method,finetuning_steps,realignment_steps,distinct_realignment_samples,repeated_realignment_samples,train_loss,realignment_loss,task_loss,eval_bg_accuracy,eval_cs_accuracy,eval_de_accuracy,eval_es_accuracy,eval_lv_accuracy,eval_af_accuracy,eval_ar_accuracy,eval_ca_accuracy,eval_da_accuracy,eval_el_accuracy,eval_fa_accuracy,eval_fi_accuracy,eval_fr_accuracy,eval_he_accuracy,eval_hi_accuracy,eval_hu_accuracy,eval_it_accuracy,eval_ja_accuracy,eval_ko_accuracy,eval_lt_accuracy,eval_no_accuracy,eval_pl_accuracy,eval_pt_accuracy,eval_ro_accuracy,eval_ru_accuracy,eval_sk_accuracy,eval_sl_accuracy,eval_sv_accuracy,eval_ta_accuracy,eval_th_accuracy,eval_tr_accuracy,eval_uk_accuracy,eval_vi_accuracy,eval_zh_accuracy,eval_avg_accuracy,eval_same_accuracy,final_eval_bg_accuracy,final_eval_cs_accuracy,final_eval_de_accuracy,final_eval_es_accuracy,final_eval_lv_accuracy,final_eval_af_accuracy,final_eval_ar_accuracy,final_eval_ca_accuracy,final_eval_da_accuracy,final_eval_el_accuracy,final_eval_fa_accuracy,final_eval_fi_accuracy,final_eval_fr_accuracy,final_eval_he_accuracy,final_eval_hi_accuracy,final_eval_hu_accuracy,final_eval_it_accuracy,final_eval_ja_accuracy,final_eval_ko_accuracy,final_eval_lt_accuracy,final_eval_no_accuracy,final_eval_pl_accuracy,final_eval_pt_accuracy,final_eval_ro_accuracy,final_eval_ru_accuracy,final_eval_sk_accuracy,final_eval_sl_accuracy,final_eval_sv_accuracy,final_eval_ta_accuracy,final_eval_th_accuracy,final_eval_tr_accuracy,final_eval_uk_accuracy,final_eval_vi_accuracy,final_eval_zh_accuracy,final_eval_avg_accuracy,final_eval_same_accuracy
31,distilbert-base-multilingual-cased,udpos,before_fastalign,1965,1965,31440,31440,0.061836347,0,0.061836347,0.870643602,0.841188536,0.886954448,0.855477665,0.776236952,0.865176354,0.649247011,0.878218607,0.880474908,0.783904893,0.72172418,0.844277318,0.863371528,0.646196513,0.713434942,0.81270935,0.855836471,0.547909474,0.604692986,0.774705015,0.905359407,0.828653261,0.835792536,0.837682225,0.840927048,0.840107362,0.826111664,0.900288184,0.547368421,0.520970413,0.704434641,0.847167172,0.569552488,0.662837163,0.774695081,0.960206048,0.870643602,0.841188536,0.886954448,0.855477665,0.776236952,0.865176354,0.649247011,0.878218607,0.880474908,0.783904893,0.72172418,0.844277318,0.863371528,0.646196513,0.713434942,0.81270935,0.855836471,0.547909474,0.604692986,0.774705015,0.905359407,0.828653261,0.835792536,0.837682225,0.840927048,0.840107362,0.826111664,0.900288184,0.547368421,0.520970413,0.704434641,0.847167172,0.569552488,0.662837163,0.774695081,0.960206048
42,distilbert-base-multilingual-cased,udpos,before_fastalign,1965,1965,31440,31440,0.061631691,0,0.061631691,0.868417705,0.840615582,0.885881231,0.852543202,0.773561443,0.861003477,0.630305853,0.878683947,0.87897835,0.781069959,0.714110279,0.842381344,0.860846766,0.643687269,0.675303415,0.805340224,0.854581316,0.538319908,0.580457309,0.776825221,0.904158046,0.829302861,0.834990945,0.82800441,0.831006935,0.836656442,0.833854241,0.901021745,0.54187643,0.53623383,0.706175993,0.843844719,0.569385194,0.667748918,0.77079925,0.960127404,0.868417705,0.840615582,0.885881231,0.852543202,0.773561443,0.861003477,0.630305853,0.878683947,0.87897835,0.781069959,0.714110279,0.842381344,0.860846766,0.643687269,0.675303415,0.805340224,0.854581316,0.538319908,0.580457309,0.776825221,0.904158046,0.829302861,0.834990945,0.82800441,0.831006935,0.836656442,0.833854241,0.901021745,0.54187643,0.53623383,0.706175993,0.843844719,0.569385194,0.667748918,0.77079925,0.960127404
66,distilbert-base-multilingual-cased,udpos,before_fastalign,1965,1965,31440,31440,0.036379144,0,0.036379144,0.870325617,0.84026035,0.88886239,0.85588523,0.773109244,0.864182812,0.634497749,0.878287546,0.882969171,0.792775492,0.711776986,0.850091639,0.867547097,0.641376123,0.664803839,0.805723036,0.856464049,0.528500192,0.589021153,0.777378319,0.905259294,0.828919007,0.83282368,0.835722161,0.834869634,0.83696319,0.831510158,0.904060781,0.557437071,0.528758784,0.712967263,0.846525997,0.575407779,0.664585415,0.772636713,0.959694861,0.870325617,0.84026035,0.88886239,0.85588523,0.773109244,0.864182812,0.634497749,0.878287546,0.882969171,0.792775492,0.711776986,0.850091639,0.867547097,0.641376123,0.664803839,0.805723036,0.856464049,0.528500192,0.589021153,0.777378319,0.905259294,0.828919007,0.83282368,0.835722161,0.834869634,0.83696319,0.831510158,0.904060781,0.557437071,0.528758784,0.712967263,0.846525997,0.575407779,0.664585415,0.772636713,0.959694861
23,distilbert-base-multilingual-cased,udpos,before_fastalign,1965,1965,31440,31440,0.027465023,0,0.027465023,0.872869499,0.846259182,0.88868352,0.853276818,0.770961299,0.869647293,0.637820214,0.875047396,0.880175596,0.781893004,0.71742601,0.84629969,0.862594679,0.626518753,0.685238498,0.812805053,0.853057199,0.527963176,0.59844138,0.772584808,0.900787559,0.832816606,0.831428317,0.836395933,0.834781845,0.844555215,0.835274897,0.897877915,0.553775744,0.527639765,0.706988623,0.847983213,0.570472606,0.662670663,0.772441528,0.959812827,0.872869499,0.846259182,0.88868352,0.853276818,0.770961299,0.869647293,0.637820214,0.875047396,0.880175596,0.781893004,0.71742601,0.84629969,0.862594679,0.626518753,0.685238498,0.812805053,0.853057199,0.527963176,0.59844138,0.772584808,0.900787559,0.832816606,0.831428317,0.836395933,0.834781845,0.844555215,0.835274897,0.897877915,0.553775744,0.527639765,0.706988623,0.847983213,0.570472606,0.662670663,0.772441528,0.959812827
17,distilbert-base-multilingual-cased,udpos,before_fastalign,1965,1965,31440,31440,0.04603643,0,0.04603643,0.870643602,0.837492981,0.88999523,0.849608738,0.771300448,0.867858917,0.630585313,0.875254214,0.880175596,0.777503429,0.718244709,0.842886937,0.862012041,0.637612256,0.697008185,0.815484735,0.851353774,0.506559264,0.589963175,0.770648968,0.901721952,0.829184752,0.831933023,0.830331986,0.834430691,0.834739264,0.830018469,0.89944983,0.549199085,0.528624502,0.711864407,0.841163441,0.572145546,0.664502165,0.770632401,0.96044198,0.870643602,0.837492981,0.88999523,0.849608738,0.771300448,0.867858917,0.630585313,0.875254214,0.880175596,0.777503429,0.718244709,0.842886937,0.862012041,0.637612256,0.697008185,0.815484735,0.851353774,0.506559264,0.589963175,0.770648968,0.901721952,0.829184752,0.831933023,0.830331986,0.834430691,0.834739264,0.830018469,0.89944983,0.549199085,0.528624502,0.711864407,0.841163441,0.572145546,0.664502165,0.770632401,0.96044198
31,distilbert-base-multilingual-cased,udpos,before_awesome,1965,1965,31440,31440,0.066101693,0,0.066101693,0.871851946,0.843720994,0.884808013,0.853847408,0.77597317,0.86438152,0.641670548,0.87894247,0.880474908,0.785916781,0.715911417,0.843518928,0.864342591,0.642168516,0.662969235,0.814240597,0.854850278,0.536171845,0.584739231,0.775903392,0.90485884,0.838190569,0.834694059,0.838110989,0.835396366,0.848773006,0.829734337,0.900026199,0.554691076,0.528803545,0.702170885,0.847866636,0.577833542,0.667499167,0.773089794,0.959537572,0.871851946,0.843720994,0.884808013,0.853847408,0.77597317,0.86438152,0.641670548,0.87894247,0.880474908,0.785916781,0.715911417,0.843518928,0.864342591,0.642168516,0.662969235,0.814240597,0.854850278,0.536171845,0.584739231,0.775903392,0.90485884,0.838190569,0.834694059,0.838110989,0.835396366,0.848773006,0.829734337,0.900026199,0.554691076,0.528803545,0.702170885,0.847866636,0.577833542,0.667499167,0.773089794,0.959537572
42,distilbert-base-multilingual-cased,udpos,before_awesome,1965,1965,31440,31440,0.059968814,0,0.059968814,0.869626049,0.8401343,0.886179347,0.854173459,0.77691525,0.866070541,0.632976246,0.881889628,0.878279956,0.781618656,0.707888166,0.835492637,0.862691785,0.633584258,0.658312165,0.813953488,0.853953739,0.553970081,0.591504667,0.781434366,0.903390509,0.833407152,0.836297242,0.833578341,0.828285489,0.842331288,0.831510158,0.900445376,0.565675057,0.530191128,0.704608776,0.842270926,0.566959431,0.662420912,0.771824134,0.959812827,0.869626049,0.8401343,0.886179347,0.854173459,0.77691525,0.866070541,0.632976246,0.881889628,0.878279956,0.781618656,0.707888166,0.835492637,0.862691785,0.633584258,0.658312165,0.813953488,0.853953739,0.553970081,0.591504667,0.781434366,0.903390509,0.833407152,0.836297242,0.833578341,0.828285489,0.842331288,0.831510158,0.900445376,0.565675057,0.530191128,0.704608776,0.842270926,0.566959431,0.662420912,0.771824134,0.959812827
66,distilbert-base-multilingual-cased,udpos,before_awesome,1965,1965,31440,31440,0.031133208,0,0.031133208,0.875794963,0.847892101,0.889220129,0.855070101,0.774541207,0.868852459,0.642850489,0.877287925,0.883268482,0.791769547,0.714069344,0.831384693,0.864148378,0.647253038,0.644933672,0.808115609,0.855208894,0.535558113,0.61103023,0.778576696,0.902756457,0.837954351,0.833476828,0.834925885,0.836800983,0.848619632,0.83761898,0.902331674,0.564302059,0.55879325,0.704782912,0.851946841,0.57398578,0.658924409,0.774824886,0.959930793,0.875794963,0.847892101,0.889220129,0.855070101,0.774541207,0.868852459,0.642850489,0.877287925,0.883268482,0.791769547,0.714069344,0.831384693,0.864148378,0.647253038,0.644933672,0.808115609,0.855208894,0.535558113,0.61103023,0.778576696,0.902756457,0.837954351,0.833476828,0.834925885,0.836800983,0.848619632,0.83761898,0.902331674,0.564302059,0.55879325,0.704782912,0.851946841,0.57398578,0.658924409,0.774824886,0.959930793
23,distilbert-base-multilingual-cased,udpos,before_awesome,1965,1965,31440,31440,0.034377657,0,0.034377657,0.871724752,0.846356584,0.886954448,0.851972612,0.778648679,0.866567312,0.636422916,0.875461032,0.880275367,0.783539095,0.714724303,0.835935031,0.858904642,0.636555732,0.6319221,0.813187865,0.853774431,0.535021097,0.595957866,0.778761062,0.900687446,0.839932678,0.831814268,0.836212177,0.827056448,0.845398773,0.830586731,0.89981661,0.558810069,0.518642854,0.702403065,0.847575192,0.56838143,0.656426906,0.770482693,0.960324014,0.871724752,0.846356584,0.886954448,0.851972612,0.778648679,0.866567312,0.636422916,0.875461032,0.880275367,0.783539095,0.714724303,0.835935031,0.858904642,0.636555732,0.6319221,0.813187865,0.853774431,0.535021097,0.595957866,0.778761062,0.900687446,0.839932678,0.831814268,0.836212177,0.827056448,0.845398773,0.830586731,0.89981661,0.558810069,0.518642854,0.702403065,0.847575192,0.56838143,0.656426906,0.770482693,0.960324014
17,distilbert-base-multilingual-cased,udpos,before_awesome,1965,1965,31440,31440,0.037914526,0,0.037914526,0.870580005,0.844712205,0.885463868,0.853847408,0.777668915,0.867660209,0.625523987,0.878459895,0.879976055,0.777686328,0.707806296,0.841243759,0.863662847,0.641442155,0.651199548,0.809646856,0.853505469,0.515841964,0.599725957,0.777378319,0.903757592,0.835857915,0.83261586,0.835905917,0.82758318,0.844248466,0.83435147,0.89981661,0.570251716,0.538874715,0.704260506,0.842270926,0.572731075,0.654262404,0.771171188,0.959537572,0.870580005,0.844712205,0.885463868,0.853847408,0.777668915,0.867660209,0.625523987,0.878459895,0.879976055,0.777686328,0.707806296,0.841243759,0.863662847,0.641442155,0.651199548,0.809646856,0.853505469,0.515841964,0.599725957,0.777378319,0.903757592,0.835857915,0.83261586,0.835905917,0.82758318,0.844248466,0.83435147,0.89981661,0.570251716,0.538874715,0.704260506,0.842270926,0.572731075,0.654262404,0.771171188,0.959537572
31,distilbert-base-multilingual-cased,udpos,before_dico,1965,1965,3496,31376,0.080204323,0,0.080204323,0.875731366,0.849845875,0.888146912,0.857678513,0.760296944,0.852359662,0.662102158,0.881579401,0.88087399,0.787197074,0.724303082,0.844340517,0.865216547,0.642960909,0.708269828,0.817494497,0.858167474,0.544994246,0.642373897,0.76530236,0.903023427,0.834676824,0.840216133,0.840132304,0.84830129,0.85107362,0.836340389,0.899921404,0.543707094,0.521552303,0.712560947,0.85328748,0.574153074,0.675657676,0.777759977,0.95949825,0.875731366,0.849845875,0.888146912,0.857678513,0.760296944,0.852359662,0.662102158,0.881579401,0.88087399,0.787197074,0.724303082,0.844340517,0.865216547,0.642960909,0.708269828,0.817494497,0.858167474,0.544994246,0.642373897,0.76530236,0.903023427,0.834676824,0.840216133,0.840132304,0.84830129,0.85107362,0.836340389,0.899921404,0.543707094,0.521552303,0.712560947,0.85328748,0.574153074,0.675657676,0.777759977,0.95949825
42,distilbert-base-multilingual-cased,udpos,before_dico,1965,1965,3496,31376,0.060671691,0,0.060671691,0.870452811,0.848493703,0.889935607,0.855070101,0.760108528,0.855837059,0.650768514,0.8838544,0.878479497,0.787562872,0.710589873,0.839853378,0.865313653,0.640451664,0.629184307,0.816058953,0.857988166,0.513387035,0.611287146,0.761338496,0.900954415,0.831517406,0.840572396,0.831495774,0.841629357,0.848466258,0.838329308,0.898087503,0.550572082,0.527057876,0.700313443,0.848566099,0.565704726,0.676656677,0.771351149,0.960559947,0.870452811,0.848493703,0.889935607,0.855070101,0.760108528,0.855837059,0.650768514,0.8838544,0.878479497,0.787562872,0.710589873,0.839853378,0.865313653,0.640451664,0.629184307,0.816058953,0.857988166,0.513387035,0.611287146,0.761338496,0.900954415,0.831517406,0.840572396,0.831495774,0.841629357,0.848466258,0.838329308,0.898087503,0.550572082,0.527057876,0.700313443,0.848566099,0.565704726,0.676656677,0.771351149,0.960559947
66,distilbert-base-multilingual-cased,udpos,before_dico,1965,1965,3496,31376,0.049810313,0,0.049810313,0.872169931,0.851547549,0.889935607,0.857352462,0.758676565,0.856035768,0.65440149,0.884819551,0.881871695,0.797530864,0.725572066,0.84339253,0.86822684,0.644809826,0.64939317,0.808115609,0.859064013,0.515304948,0.623790357,0.759402655,0.903457252,0.837304751,0.838969213,0.836763445,0.845316478,0.847852761,0.835630061,0.901388525,0.556064073,0.537084284,0.694392849,0.849265563,0.568548724,0.66974692,0.774211718,0.95949825,0.872169931,0.851547549,0.889935607,0.857352462,0.758676565,0.856035768,0.65440149,0.884819551,0.881871695,0.797530864,0.725572066,0.84339253,0.86822684,0.644809826,0.64939317,0.808115609,0.859064013,0.515304948,0.623790357,0.759402655,0.903457252,0.837304751,0.838969213,0.836763445,0.845316478,0.847852761,0.835630061,0.901388525,0.556064073,0.537084284,0.694392849,0.849265563,0.568548724,0.66974692,0.774211718,0.95949825
23,distilbert-base-multilingual-cased,udpos,before_dico,1965,1965,3496,31376,0.037091602,0,0.037091602,0.868799288,0.847135802,0.890889578,0.859879361,0.757508385,0.858122206,0.639496973,0.884440385,0.878279956,0.797713763,0.712923165,0.839916577,0.864051272,0.637282092,0.67109794,0.815867547,0.859781244,0.512773303,0.618737689,0.759863569,0.89908563,0.832964242,0.842294332,0.835048389,0.835133,0.84654908,0.833783208,0.894891276,0.563386728,0.511704937,0.692245182,0.843203544,0.57231284,0.663752914,0.771791629,0.959852149,0.868799288,0.847135802,0.890889578,0.859879361,0.757508385,0.858122206,0.639496973,0.884440385,0.878279956,0.797713763,0.712923165,0.839916577,0.864051272,0.637282092,0.67109794,0.815867547,0.859781244,0.512773303,0.618737689,0.759863569,0.89908563,0.832964242,0.842294332,0.835048389,0.835133,0.84654908,0.833783208,0.894891276,0.563386728,0.511704937,0.692245182,0.843203544,0.57231284,0.663752914,0.771791629,0.959852149
17,distilbert-base-multilingual-cased,udpos,before_dico,1965,1965,3496,31376,0.041412439,0,0.041412439,0.872487917,0.84565758,0.889816361,0.853928921,0.759128764,0.85633383,0.654059929,0.883027128,0.882370548,0.799451303,0.721519506,0.846805283,0.864536803,0.637678288,0.646881174,0.820365585,0.856464049,0.498580744,0.622762696,0.754424779,0.901288127,0.834263442,0.838702016,0.82984197,0.84075147,0.848312883,0.833925273,0.8981399,0.553318078,0.503782284,0.708381704,0.844893915,0.578670013,0.656926407,0.771690549,0.959812827,0.872487917,0.84565758,0.889816361,0.853928921,0.759128764,0.85633383,0.654059929,0.883027128,0.882370548,0.799451303,0.721519506,0.846805283,0.864536803,0.637678288,0.646881174,0.820365585,0.856464049,0.498580744,0.622762696,0.754424779,0.901288127,0.834263442,0.838702016,0.82984197,0.84075147,0.848312883,0.833925273,0.8981399,0.553318078,0.503782284,0.708381704,0.844893915,0.578670013,0.656926407,0.771690549,0.959812827
31,distilbert-base-multilingual-cased,udpos,during_fastalign,1965,1965,31440,31440,0.172651395,0.101266257,0.071385138,0.863266344,0.83412974,0.878547579,0.854581024,0.752195048,0.857625435,0.633007297,0.881183,0.872593036,0.780246914,0.715665807,0.836883018,0.861914935,0.649300053,0.690798758,0.803043353,0.854939932,0.505255082,0.607090862,0.756268437,0.906193686,0.825907225,0.83944423,0.83137327,0.829690106,0.836042945,0.826324762,0.901336128,0.537757437,0.52732644,0.700371488,0.837957566,0.570388959,0.6502664,0.767909303,0.959026385,0.863266344,0.83412974,0.878547579,0.854581024,0.752195048,0.857625435,0.633007297,0.881183,0.872593036,0.780246914,0.715665807,0.836883018,0.861914935,0.649300053,0.690798758,0.803043353,0.854939932,0.505255082,0.607090862,0.756268437,0.906193686,0.825907225,0.83944423,0.83137327,0.829690106,0.836042945,0.826324762,0.901336128,0.537757437,0.52732644,0.700371488,0.837957566,0.570388959,0.6502664,0.767909303,0.959026385
42,distilbert-base-multilingual-cased,udpos,during_fastalign,1965,1965,31440,31440,0.248116225,0.187095374,0.061020844,0.86358433,0.835642339,0.880455521,0.851483534,0.761691224,0.863089916,0.637447601,0.881200234,0.879876285,0.780704161,0.719841172,0.837704607,0.862012041,0.659204966,0.703358736,0.799406642,0.852519276,0.522516302,0.591162114,0.759218289,0.905593005,0.823131662,0.837247276,0.825738086,0.82565183,0.829907975,0.83307288,0.903117632,0.54187643,0.509064053,0.702170885,0.832420145,0.566541196,0.657009657,0.768666529,0.958908419,0.86358433,0.835642339,0.880455521,0.851483534,0.761691224,0.863089916,0.637447601,0.881200234,0.879876285,0.780704161,0.719841172,0.837704607,0.862012041,0.659204966,0.703358736,0.799406642,0.852519276,0.522516302,0.591162114,0.759218289,0.905593005,0.823131662,0.837247276,0.825738086,0.82565183,0.829907975,0.83307288,0.903117632,0.54187643,0.509064053,0.702170885,0.832420145,0.566541196,0.657009657,0.768666529,0.958908419
66,distilbert-base-multilingual-cased,udpos,during_fastalign,1965,1965,31440,31440,0.131752804,0.099594474,0.03215833,0.865047062,0.832324934,0.879859289,0.852461689,0.762030373,0.857625435,0.64862599,0.882389438,0.88097376,0.785093736,0.722747554,0.841433357,0.863371528,0.650950872,0.686706181,0.806775768,0.857091626,0.515611814,0.62036482,0.763735251,0.906060202,0.824696607,0.839533296,0.834435869,0.826617505,0.835429448,0.826466828,0.904322767,0.551487414,0.53502529,0.704260506,0.835859175,0.572563781,0.652597403,0.771311075,0.958751131,0.865047062,0.832324934,0.879859289,0.852461689,0.762030373,0.857625435,0.64862599,0.882389438,0.88097376,0.785093736,0.722747554,0.841433357,0.863371528,0.650950872,0.686706181,0.806775768,0.857091626,0.515611814,0.62036482,0.763735251,0.906060202,0.824696607,0.839533296,0.834435869,0.826617505,0.835429448,0.826466828,0.904322767,0.551487414,0.53502529,0.704260506,0.835859175,0.572563781,0.652597403,0.771311075,0.958751131
23,distilbert-base-multilingual-cased,udpos,during_fastalign,1965,1965,31440,31440,0.224273682,0.175382182,0.048891507,0.866191809,0.837212234,0.877712855,0.852624715,0.771112032,0.854048684,0.650954821,0.877443039,0.879576973,0.775308642,0.727004789,0.840927763,0.862012041,0.649630217,0.718148462,0.806680065,0.853684777,0.534177215,0.608803631,0.766408555,0.904992325,0.825877698,0.836415996,0.832720813,0.8212624,0.835429448,0.828597812,0.900969348,0.546453089,0.517479074,0.702519155,0.83346934,0.554830615,0.646103896,0.770493657,0.958947741,0.866191809,0.837212234,0.877712855,0.852624715,0.771112032,0.854048684,0.650954821,0.877443039,0.879576973,0.775308642,0.727004789,0.840927763,0.862012041,0.649630217,0.718148462,0.806680065,0.853684777,0.534177215,0.608803631,0.766408555,0.904992325,0.825877698,0.836415996,0.832720813,0.8212624,0.835429448,0.828597812,0.900969348,0.546453089,0.517479074,0.702519155,0.83346934,0.554830615,0.646103896,0.770493657,0.958947741
17,distilbert-base-multilingual-cased,udpos,during_fastalign,1965,1965,31440,31440,0.232246205,0.173521549,0.058724653,0.861740015,0.832531197,0.874850942,0.850912944,0.765798696,0.862295082,0.634963515,0.880321257,0.880375137,0.778326475,0.715870482,0.838020603,0.861720722,0.646196513,0.688484335,0.805723036,0.853415815,0.517683161,0.590220091,0.758480826,0.902622973,0.823574571,0.839414541,0.828739434,0.82064788,0.828604294,0.829450206,0.901074142,0.546910755,0.507363144,0.697817506,0.832012124,0.562275199,0.644771895,0.766564986,0.959380284,0.861740015,0.832531197,0.874850942,0.850912944,0.765798696,0.862295082,0.634963515,0.880321257,0.880375137,0.778326475,0.715870482,0.838020603,0.861720722,0.646196513,0.688484335,0.805723036,0.853415815,0.517683161,0.590220091,0.758480826,0.902622973,0.823574571,0.839414541,0.828739434,0.82064788,0.828604294,0.829450206,0.901074142,0.546910755,0.507363144,0.697817506,0.832012124,0.562275199,0.644771895,0.766564986,0.959380284
31,distilbert-base-multilingual-cased,udpos,during_awesome,1965,1965,31440,31440,0.214610651,0.140319586,0.074291065,0.862185195,0.836765329,0.877295492,0.852624715,0.761163658,0.860208644,0.624033535,0.878908,0.875685922,0.786831276,0.721846985,0.840927763,0.862788891,0.644347596,0.698250071,0.800459374,0.854402008,0.538166475,0.615569067,0.76115413,0.90485884,0.830543006,0.838553573,0.832169546,0.828022123,0.838726994,0.825969598,0.902122085,0.551029748,0.538785193,0.699791038,0.836558638,0.568966959,0.655011655,0.770727151,0.959655539,0.862185195,0.836765329,0.877295492,0.852624715,0.761163658,0.860208644,0.624033535,0.878908,0.875685922,0.786831276,0.721846985,0.840927763,0.862788891,0.644347596,0.698250071,0.800459374,0.854402008,0.538166475,0.615569067,0.76115413,0.90485884,0.830543006,0.838553573,0.832169546,0.828022123,0.838726994,0.825969598,0.902122085,0.551029748,0.538785193,0.699791038,0.836558638,0.568966959,0.655011655,0.770727151,0.959655539
42,distilbert-base-multilingual-cased,udpos,during_awesome,1965,1965,31440,31440,0.19295457,0.120760359,0.072194219,0.8663826,0.836054866,0.879263057,0.850179328,0.768511889,0.862096374,0.628722248,0.879942091,0.879477202,0.784910837,0.719882107,0.84339253,0.862012041,0.653724247,0.702257973,0.802086324,0.85171239,0.557192175,0.609574377,0.770833333,0.906060202,0.82844657,0.836208176,0.828800686,0.827319814,0.835352761,0.832504617,0.901336128,0.55423341,0.542276532,0.702635245,0.836675216,0.568799665,0.656343656,0.772505902,0.959930793,0.8663826,0.836054866,0.879263057,0.850179328,0.768511889,0.862096374,0.628722248,0.879942091,0.879477202,0.784910837,0.719882107,0.84339253,0.862012041,0.653724247,0.702257973,0.802086324,0.85171239,0.557192175,0.609574377,0.770833333,0.906060202,0.82844657,0.836208176,0.828800686,0.827319814,0.835352761,0.832504617,0.901336128,0.55423341,0.542276532,0.702635245,0.836675216,0.568799665,0.656343656,0.772505902,0.959930793
66,distilbert-base-multilingual-cased,udpos,during_awesome,1965,1965,31440,31440,0.181079432,0.139414847,0.041664585,0.864283897,0.829150767,0.87836871,0.853765895,0.768624939,0.860506706,0.639590126,0.881924098,0.874588447,0.782350251,0.723156904,0.841370157,0.863565741,0.650950872,0.689641547,0.802756245,0.853236507,0.539087073,0.620707373,0.767146018,0.904124675,0.826527298,0.839058279,0.833210829,0.823105961,0.832131902,0.827745418,0.900812156,0.567963387,0.536099548,0.710123055,0.832070413,0.579004601,0.652763903,0.77204452,0.95930164,0.864283897,0.829150767,0.87836871,0.853765895,0.768624939,0.860506706,0.639590126,0.881924098,0.874588447,0.782350251,0.723156904,0.841370157,0.863565741,0.650950872,0.689641547,0.802756245,0.853236507,0.539087073,0.620707373,0.767146018,0.904124675,0.826527298,0.839058279,0.833210829,0.823105961,0.832131902,0.827745418,0.900812156,0.567963387,0.536099548,0.710123055,0.832070413,0.579004601,0.652763903,0.77204452,0.95930164
23,distilbert-base-multilingual-cased,udpos,during_awesome,1965,1965,31440,31440,0.151831031,0.115253702,0.036577322,0.86530145,0.836518959,0.877235869,0.850423867,0.772694728,0.858519622,0.638813849,0.876443418,0.879976055,0.774302698,0.732735683,0.84484611,0.86074966,0.63866878,0.706011854,0.811273806,0.85126412,0.530187956,0.619850989,0.77359882,0.903924448,0.829952461,0.836683193,0.835293397,0.826090773,0.839033742,0.828171615,0.9018601,0.562471396,0.52432747,0.705711632,0.83650035,0.566792137,0.648268398,0.771897041,0.959380284,0.86530145,0.836518959,0.877235869,0.850423867,0.772694728,0.858519622,0.638813849,0.876443418,0.879976055,0.774302698,0.732735683,0.84484611,0.86074966,0.63866878,0.706011854,0.811273806,0.85126412,0.530187956,0.619850989,0.77359882,0.903924448,0.829952461,0.836683193,0.835293397,0.826090773,0.839033742,0.828171615,0.9018601,0.562471396,0.52432747,0.705711632,0.83650035,0.566792137,0.648268398,0.771897041,0.959380284
17,distilbert-base-multilingual-cased,udpos,during_awesome,1965,1965,31440,31440,0.183497891,0.13345854,0.050039347,0.863647927,0.833814615,0.875208681,0.85107597,0.764856615,0.862692499,0.630833721,0.880441901,0.877781103,0.776954733,0.71312784,0.836187828,0.862206254,0.648573693,0.693451877,0.801894918,0.853505469,0.536785577,0.599982872,0.765210177,0.905225923,0.823928898,0.837484785,0.831128262,0.819682205,0.834739264,0.830018469,0.899030652,0.569336384,0.537800457,0.699384723,0.828981114,0.569552488,0.645188145,0.769403413,0.958593842,0.863647927,0.833814615,0.875208681,0.85107597,0.764856615,0.862692499,0.630833721,0.880441901,0.877781103,0.776954733,0.71312784,0.836187828,0.862206254,0.648573693,0.693451877,0.801894918,0.853505469,0.536785577,0.599982872,0.765210177,0.905225923,0.823928898,0.837484785,0.831128262,0.819682205,0.834739264,0.830018469,0.899030652,0.569336384,0.537800457,0.699384723,0.828981114,0.569552488,0.645188145,0.769403413,0.958593842
31,distilbert-base-multilingual-cased,udpos,during_dico,1965,1965,3496,31400,0.147763252,0.078866504,0.068896756,0.872297125,0.846287829,0.885940854,0.854988588,0.759882428,0.856234476,0.657723956,0.87837372,0.879377432,0.792409694,0.722461009,0.845414902,0.863565741,0.644743793,0.669940728,0.810316777,0.854760624,0.508477177,0.647084011,0.766316372,0.906494027,0.836330351,0.838078556,0.837437217,0.846808884,0.849616564,0.833783208,0.903955986,0.549656751,0.544111723,0.705827722,0.850606202,0.583103304,0.665667666,0.775531629,0.958987063,0.872297125,0.846287829,0.885940854,0.854988588,0.759882428,0.856234476,0.657723956,0.87837372,0.879377432,0.792409694,0.722461009,0.845414902,0.863565741,0.644743793,0.669940728,0.810316777,0.854760624,0.508477177,0.647084011,0.766316372,0.906494027,0.836330351,0.838078556,0.837437217,0.846808884,0.849616564,0.833783208,0.903955986,0.549656751,0.544111723,0.705827722,0.850606202,0.583103304,0.665667666,0.775531629,0.958987063
42,distilbert-base-multilingual-cased,udpos,during_dico,1965,1965,3496,31400,0.124594539,0.057926636,0.066667907,0.874650216,0.849129682,0.885583115,0.853765895,0.766401628,0.860705415,0.652352119,0.881527696,0.883468024,0.78957476,0.719759302,0.845983695,0.863468635,0.649300053,0.687835168,0.814527706,0.856015779,0.533716916,0.639205275,0.761246313,0.905292665,0.835503588,0.837187899,0.830883254,0.838556755,0.844248466,0.837050717,0.903170029,0.553318078,0.549080167,0.711225911,0.845593378,0.58377248,0.667582418,0.7767848,0.958869097,0.874650216,0.849129682,0.885583115,0.853765895,0.766401628,0.860705415,0.652352119,0.881527696,0.883468024,0.78957476,0.719759302,0.845983695,0.863468635,0.649300053,0.687835168,0.814527706,0.856015779,0.533716916,0.639205275,0.761246313,0.905292665,0.835503588,0.837187899,0.830883254,0.838556755,0.844248466,0.837050717,0.903170029,0.553318078,0.549080167,0.711225911,0.845593378,0.58377248,0.667582418,0.7767848,0.958869097
66,distilbert-base-multilingual-cased,udpos,during_dico,1965,1965,3496,31400,0.091325805,0.056871869,0.03445394,0.87630374,0.849152601,0.888266158,0.85702641,0.771941063,0.859314456,0.659897531,0.883044362,0.884465729,0.800457247,0.728232838,0.846110093,0.864925228,0.664421553,0.677194468,0.812326538,0.85718128,0.513617185,0.645028689,0.773045723,0.906994594,0.83579886,0.837276965,0.837314713,0.839873584,0.847929448,0.833641142,0.905999476,0.56201373,0.555346672,0.696656606,0.847400326,0.582015893,0.668414918,0.778489112,0.958121977,0.87630374,0.849152601,0.888266158,0.85702641,0.771941063,0.859314456,0.659897531,0.883044362,0.884465729,0.800457247,0.728232838,0.846110093,0.864925228,0.664421553,0.677194468,0.812326538,0.85718128,0.513617185,0.645028689,0.773045723,0.906994594,0.83579886,0.837276965,0.837314713,0.839873584,0.847929448,0.833641142,0.905999476,0.56201373,0.555346672,0.696656606,0.847400326,0.582015893,0.668414918,0.778489112,0.958121977
23,distilbert-base-multilingual-cased,udpos,during_dico,1965,1965,3496,31400,0.121669725,0.075000711,0.046669014,0.874459425,0.849519291,0.887968042,0.856944897,0.766100162,0.856830601,0.663716814,0.878390955,0.882969171,0.791495199,0.733595317,0.840990963,0.863662847,0.65042261,0.687157776,0.816633171,0.856822665,0.529497507,0.643744112,0.764196165,0.90342388,0.838101987,0.837751982,0.836212177,0.84075147,0.84892638,0.834564569,0.904060781,0.550114416,0.548811602,0.699152542,0.849265563,0.573483898,0.653513154,0.776860356,0.958121977,0.874459425,0.849519291,0.887968042,0.856944897,0.766100162,0.856830601,0.663716814,0.878390955,0.882969171,0.791495199,0.733595317,0.840990963,0.863662847,0.65042261,0.687157776,0.816633171,0.856822665,0.529497507,0.643744112,0.764196165,0.90342388,0.838101987,0.837751982,0.836212177,0.84075147,0.84892638,0.834564569,0.904060781,0.550114416,0.548811602,0.699152542,0.849265563,0.573483898,0.653513154,0.776860356,0.958121977
17,distilbert-base-multilingual-cased,udpos,during_dico,1965,1965,3496,31400,0.10420987,0.042956159,0.061253708,0.875095396,0.84828171,0.886775578,0.852624715,0.766703094,0.863785395,0.658376029,0.880734894,0.882470318,0.793964335,0.725981416,0.843771725,0.864051272,0.658742736,0.658509738,0.81596325,0.856015779,0.517759877,0.639633468,0.763458702,0.905559634,0.836950424,0.837217588,0.834619625,0.834957423,0.851150307,0.835772127,0.903065234,0.55423341,0.54867732,0.710006965,0.846117976,0.585361773,0.655594406,0.776234813,0.959537572,0.875095396,0.84828171,0.886775578,0.852624715,0.766703094,0.863785395,0.658376029,0.880734894,0.882470318,0.793964335,0.725981416,0.843771725,0.864051272,0.658742736,0.658509738,0.81596325,0.856015779,0.517759877,0.639633468,0.763458702,0.905559634,0.836950424,0.837217588,0.834619625,0.834957423,0.851150307,0.835772127,0.903065234,0.55423341,0.54867732,0.710006965,0.846117976,0.585361773,0.655594406,0.776234813,0.959537572
31,distilbert-base-multilingual-cased,udpos,freeze_realign_unfreeze_fastalign,1965,1965,31440,31440,0.072974406,0,0.072974406,0.872933096,0.838661808,0.884569521,0.85816759,0.758337416,0.861997019,0.645676137,0.875719555,0.882370548,0.779606767,0.737566008,0.848258864,0.865119441,0.648375594,0.679395992,0.812900756,0.857270934,0.513847334,0.609574377,0.766224189,0.901221384,0.83331857,0.834961256,0.834619625,0.843824072,0.837960123,0.831297059,0.898454283,0.55194508,0.517344792,0.711690272,0.847458615,0.597156002,0.664918415,0.773610073,0.961542999,0.872933096,0.838661808,0.884569521,0.85816759,0.758337416,0.861997019,0.645676137,0.875719555,0.882370548,0.779606767,0.737566008,0.848258864,0.865119441,0.648375594,0.679395992,0.812900756,0.857270934,0.513847334,0.609574377,0.766224189,0.901221384,0.83331857,0.834961256,0.834619625,0.843824072,0.837960123,0.831297059,0.898454283,0.55194508,0.517344792,0.711690272,0.847458615,0.597156002,0.664918415,0.773610073,0.961542999
42,distilbert-base-multilingual-cased,udpos,freeze_realign_unfreeze_fastalign,1965,1965,31440,31440,0.064435013,0,0.064435013,0.868926482,0.838048747,0.880932507,0.856618846,0.757282285,0.860705415,0.634156187,0.877374099,0.887059763,0.776314586,0.736174219,0.847310877,0.863274422,0.648573693,0.646937623,0.814049191,0.85511924,0.507556578,0.593902543,0.763458702,0.895114463,0.83201937,0.83674257,0.826963126,0.834255114,0.833435583,0.828597812,0.898559078,0.547368421,0.512421109,0.709658695,0.841396596,0.583103304,0.669247419,0.769489961,0.960874523,0.868926482,0.838048747,0.880932507,0.856618846,0.757282285,0.860705415,0.634156187,0.877374099,0.887059763,0.776314586,0.736174219,0.847310877,0.863274422,0.648573693,0.646937623,0.814049191,0.85511924,0.507556578,0.593902543,0.763458702,0.895114463,0.83201937,0.83674257,0.826963126,0.834255114,0.833435583,0.828597812,0.898559078,0.547368421,0.512421109,0.709658695,0.841396596,0.583103304,0.669247419,0.769489961,0.960874523
66,distilbert-base-multilingual-cased,udpos,freeze_realign_unfreeze_fastalign,1965,1965,31440,31440,0.035911281,0,0.035911281,0.870643602,0.833608351,0.882661579,0.85816759,0.75803595,0.859811227,0.63999379,0.875926373,0.885064352,0.781618656,0.73519178,0.847753271,0.868129734,0.644281564,0.635845329,0.804478898,0.856822665,0.500728807,0.619594074,0.764196165,0.896382567,0.830956388,0.834694059,0.832353301,0.84013695,0.831518405,0.828952976,0.898873461,0.556064073,0.505796518,0.709890875,0.843203544,0.597992472,0.667915418,0.770508375,0.961621643,0.870643602,0.833608351,0.882661579,0.85816759,0.75803595,0.859811227,0.63999379,0.875926373,0.885064352,0.781618656,0.73519178,0.847753271,0.868129734,0.644281564,0.635845329,0.804478898,0.856822665,0.500728807,0.619594074,0.764196165,0.896382567,0.830956388,0.834694059,0.832353301,0.84013695,0.831518405,0.828952976,0.898873461,0.556064073,0.505796518,0.709890875,0.843203544,0.597992472,0.667915418,0.770508375,0.961621643
23,distilbert-base-multilingual-cased,udpos,freeze_realign_unfreeze_fastalign,1965,1965,31440,31440,0.03234997,0,0.03234997,0.871724752,0.842781349,0.879143811,0.857189436,0.756717037,0.864878291,0.642819438,0.874685464,0.886161828,0.772473708,0.734741496,0.846552487,0.861623616,0.634574749,0.636607395,0.813570677,0.857539896,0.492903721,0.596899889,0.768436578,0.895381432,0.833495733,0.835584716,0.834374617,0.838468967,0.839417178,0.834919733,0.898454283,0.552402746,0.503916566,0.713779893,0.844427606,0.59272271,0.661005661,0.769716984,0.960127404,0.871724752,0.842781349,0.879143811,0.857189436,0.756717037,0.864878291,0.642819438,0.874685464,0.886161828,0.772473708,0.734741496,0.846552487,0.861623616,0.634574749,0.636607395,0.813570677,0.857539896,0.492903721,0.596899889,0.768436578,0.895381432,0.833495733,0.835584716,0.834374617,0.838468967,0.839417178,0.834919733,0.898454283,0.552402746,0.503916566,0.713779893,0.844427606,0.59272271,0.661005661,0.769716984,0.960127404
17,distilbert-base-multilingual-cased,udpos,freeze_realign_unfreeze_fastalign,1965,1965,31440,31440,0.047097467,0,0.047097467,0.869562452,0.835241271,0.88343668,0.855151614,0.757659117,0.863288624,0.63797547,0.87570232,0.883966876,0.780338363,0.741291088,0.846994881,0.861332298,0.643159007,0.676658199,0.812135133,0.854043393,0.500268508,0.585938169,0.763550885,0.896916505,0.832609915,0.834100288,0.831618278,0.831445878,0.832822086,0.829521239,0.895048467,0.555148741,0.502036614,0.715869515,0.840988575,0.595650355,0.664002664,0.770160984,0.961228422,0.869562452,0.835241271,0.88343668,0.855151614,0.757659117,0.863288624,0.63797547,0.87570232,0.883966876,0.780338363,0.741291088,0.846994881,0.861332298,0.643159007,0.676658199,0.812135133,0.854043393,0.500268508,0.585938169,0.763550885,0.896916505,0.832609915,0.834100288,0.831618278,0.831445878,0.832822086,0.829521239,0.895048467,0.555148741,0.502036614,0.715869515,0.840988575,0.595650355,0.664002664,0.770160984,0.961228422
31,distilbert-base-multilingual-cased,udpos,freeze_realign_unfreeze_awesome,1965,1965,31440,31440,0.067676239,0,0.067676239,0.874713813,0.840254621,0.881946101,0.855559178,0.762444888,0.863884749,0.63769601,0.874978456,0.884365958,0.783813443,0.733922797,0.850660431,0.865022334,0.651677232,0.657888795,0.811848024,0.855836471,0.510471807,0.61599726,0.774336283,0.89995328,0.836566569,0.833981534,0.836702193,0.844789746,0.842638037,0.832930814,0.896987163,0.554691076,0.527460722,0.70890411,0.847342038,0.595734003,0.66983017,0.773995003,0.961975542,0.874713813,0.840254621,0.881946101,0.855559178,0.762444888,0.863884749,0.63769601,0.874978456,0.884365958,0.783813443,0.733922797,0.850660431,0.865022334,0.651677232,0.657888795,0.811848024,0.855836471,0.510471807,0.61599726,0.774336283,0.89995328,0.836566569,0.833981534,0.836702193,0.844789746,0.842638037,0.832930814,0.896987163,0.554691076,0.527460722,0.70890411,0.847342038,0.595734003,0.66983017,0.773995003,0.961975542
42,distilbert-base-multilingual-cased,udpos,freeze_realign_unfreeze_awesome,1965,1965,31440,31440,0.056523845,0,0.056523845,0.870071229,0.839378001,0.882482709,0.854581024,0.762181106,0.863487332,0.63396988,0.877977319,0.885862516,0.776954733,0.732940358,0.846931682,0.86308021,0.640055468,0.643974033,0.812805053,0.857988166,0.505715382,0.608632354,0.77009587,0.896716278,0.831015443,0.837306653,0.829351954,0.834167325,0.839570552,0.830089501,0.898087503,0.560640732,0.516404816,0.710471326,0.840755421,0.589627771,0.667748918,0.770915253,0.961778931,0.870071229,0.839378001,0.882482709,0.854581024,0.762181106,0.863487332,0.63396988,0.877977319,0.885862516,0.776954733,0.732940358,0.846931682,0.86308021,0.640055468,0.643974033,0.812805053,0.857988166,0.505715382,0.608632354,0.77009587,0.896716278,0.831015443,0.837306653,0.829351954,0.834167325,0.839570552,0.830089501,0.898087503,0.560640732,0.516404816,0.710471326,0.840755421,0.589627771,0.667748918,0.770915253,0.961778931
66,distilbert-base-multilingual-cased,udpos,freeze_realign_unfreeze_awesome,1965,1965,31440,31440,0.034185518,0,0.034185518,0.875731366,0.840031169,0.88623897,0.859390284,0.762859404,0.865176354,0.645738239,0.873978836,0.889953108,0.788934614,0.732162594,0.848890855,0.866576034,0.658280507,0.635252611,0.811273806,0.857719204,0.501419256,0.628414833,0.773414454,0.895648402,0.83807246,0.834575305,0.836028421,0.843121763,0.839647239,0.836269356,0.899345035,0.556979405,0.521194217,0.713141398,0.84769177,0.591802593,0.664002664,0.774086957,0.961778931,0.875731366,0.840031169,0.88623897,0.859390284,0.762859404,0.865176354,0.645738239,0.873978836,0.889953108,0.788934614,0.732162594,0.848890855,0.866576034,0.658280507,0.635252611,0.811273806,0.857719204,0.501419256,0.628414833,0.773414454,0.895648402,0.83807246,0.834575305,0.836028421,0.843121763,0.839647239,0.836269356,0.899345035,0.556979405,0.521194217,0.713141398,0.84769177,0.591802593,0.664002664,0.774086957,0.961778931
23,distilbert-base-multilingual-cased,udpos,freeze_realign_unfreeze_awesome,1965,1965,31440,31440,0.032756124,0,0.032756124,0.872169931,0.841343234,0.87968042,0.855396153,0.764065267,0.864282166,0.635429281,0.877046637,0.884166417,0.776588935,0.734782431,0.845667699,0.861235191,0.633122029,0.622353937,0.809646856,0.856822665,0.482240123,0.608717993,0.772492625,0.89561503,0.836566569,0.835228454,0.834068357,0.83320165,0.840720859,0.836340389,0.898611475,0.553318078,0.49823195,0.705885767,0.844019585,0.592304475,0.654428904,0.768699751,0.961307066,0.872169931,0.841343234,0.87968042,0.855396153,0.764065267,0.864282166,0.635429281,0.877046637,0.884166417,0.776588935,0.734782431,0.845667699,0.861235191,0.633122029,0.622353937,0.809646856,0.856822665,0.482240123,0.608717993,0.772492625,0.89561503,0.836566569,0.835228454,0.834068357,0.83320165,0.840720859,0.836340389,0.898611475,0.553318078,0.49823195,0.705885767,0.844019585,0.592304475,0.654428904,0.768699751,0.961307066
17,distilbert-base-multilingual-cased,udpos,freeze_realign_unfreeze_awesome,1965,1965,31440,31440,0.037845403,0,0.037845403,0.871152379,0.837710704,0.883675173,0.857515487,0.762595621,0.867163438,0.637106039,0.878701182,0.884964581,0.783539095,0.730074911,0.848764457,0.865022334,0.648177496,0.646909399,0.810125371,0.856822665,0.493517453,0.60614884,0.773322271,0.89848495,0.834558715,0.834070599,0.835599657,0.831270301,0.836349693,0.835203864,0.897615929,0.555606407,0.50534891,0.710703506,0.844136162,0.599247177,0.66025641,0.771219446,0.961346388,0.871152379,0.837710704,0.883675173,0.857515487,0.762595621,0.867163438,0.637106039,0.878701182,0.884964581,0.783539095,0.730074911,0.848764457,0.865022334,0.648177496,0.646909399,0.810125371,0.856822665,0.493517453,0.60614884,0.773322271,0.89848495,0.834558715,0.834070599,0.835599657,0.831270301,0.836349693,0.835203864,0.897615929,0.555606407,0.50534891,0.710703506,0.844136162,0.599247177,0.66025641,0.771219446,0.961346388
31,distilbert-base-multilingual-cased,udpos,freeze_realign_unfreeze_dico,1965,1965,3496,31376,0.08041583,0,0.08041583,0.873441872,0.836708034,0.883138564,0.858493642,0.75034857,0.85822156,0.643906226,0.880217848,0.882071236,0.778509374,0.737320398,0.847374076,0.865313653,0.646988906,0.67660175,0.810699588,0.858257127,0.51261987,0.649310611,0.761246313,0.897383702,0.835355951,0.839830181,0.835293397,0.845492055,0.838420245,0.832220486,0.897615929,0.544622426,0.506736493,0.712154632,0.84425274,0.59749059,0.674658675,0.773891668,0.961307066,0.873441872,0.836708034,0.883138564,0.858493642,0.75034857,0.85822156,0.643906226,0.880217848,0.882071236,0.778509374,0.737320398,0.847374076,0.865313653,0.646988906,0.67660175,0.810699588,0.858257127,0.51261987,0.649310611,0.761246313,0.897383702,0.835355951,0.839830181,0.835293397,0.845492055,0.838420245,0.832220486,0.897615929,0.544622426,0.506736493,0.712154632,0.84425274,0.59749059,0.674658675,0.773891668,0.961307066
42,distilbert-base-multilingual-cased,udpos,freeze_realign_unfreeze_dico,1965,1965,3496,31376,0.05904391,0,0.05904391,0.870834393,0.840048357,0.886775578,0.857760026,0.744884501,0.862791853,0.642415774,0.880907242,0.884565499,0.773205304,0.733881862,0.84408772,0.865216547,0.645668251,0.616172735,0.811273806,0.857450242,0.502800153,0.621906312,0.753134218,0.896716278,0.833613842,0.836861325,0.827330638,0.838995698,0.835429448,0.838542407,0.897144354,0.546910755,0.519090461,0.712270722,0.840289112,0.590966123,0.676157176,0.770179374,0.961110456,0.870834393,0.840048357,0.886775578,0.857760026,0.744884501,0.862791853,0.642415774,0.880907242,0.884565499,0.773205304,0.733881862,0.84408772,0.865216547,0.645668251,0.616172735,0.811273806,0.857450242,0.502800153,0.621906312,0.753134218,0.896716278,0.833613842,0.836861325,0.827330638,0.838995698,0.835429448,0.838542407,0.897144354,0.546910755,0.519090461,0.712270722,0.840289112,0.590966123,0.676157176,0.770179374,0.961110456
66,distilbert-base-multilingual-cased,udpos,freeze_realign_unfreeze_dico,1965,1965,3496,31376,0.045798957,0,0.045798957,0.870198423,0.839584264,0.886715955,0.860857515,0.751290651,0.86249379,0.642074212,0.882647961,0.888157238,0.784087791,0.738671251,0.848385262,0.868518159,0.64923402,0.622749083,0.808402718,0.859781244,0.487993863,0.638263253,0.759494838,0.896148969,0.836035078,0.838316064,0.832230798,0.841804934,0.839110429,0.832859781,0.898401886,0.556521739,0.513898214,0.708497794,0.841746328,0.582434128,0.675907426,0.77186809,0.960481302,0.870198423,0.839584264,0.886715955,0.860857515,0.751290651,0.86249379,0.642074212,0.882647961,0.888157238,0.784087791,0.738671251,0.848385262,0.868518159,0.64923402,0.622749083,0.808402718,0.859781244,0.487993863,0.638263253,0.759494838,0.896148969,0.836035078,0.838316064,0.832230798,0.841804934,0.839110429,0.832859781,0.898401886,0.556521739,0.513898214,0.708497794,0.841746328,0.582434128,0.675907426,0.77186809,0.960481302
23,distilbert-base-multilingual-cased,udpos,freeze_realign_unfreeze_dico,1965,1965,3496,31376,0.038285002,0,0.038285002,0.867590944,0.839928037,0.882661579,0.860612977,0.750122471,0.863785395,0.637354448,0.881131295,0.886959992,0.768449931,0.734168406,0.845541301,0.864828122,0.638338616,0.642082981,0.81596325,0.860498476,0.486075949,0.626445149,0.759679204,0.893145565,0.832196533,0.840008313,0.828555678,0.833113862,0.843174847,0.83435147,0.897091957,0.557894737,0.499306208,0.711283956,0.836791793,0.586030949,0.662670663,0.769642207,0.960835201,0.867590944,0.839928037,0.882661579,0.860612977,0.750122471,0.863785395,0.637354448,0.881131295,0.886959992,0.768449931,0.734168406,0.845541301,0.864828122,0.638338616,0.642082981,0.81596325,0.860498476,0.486075949,0.626445149,0.759679204,0.893145565,0.832196533,0.840008313,0.828555678,0.833113862,0.843174847,0.83435147,0.897091957,0.557894737,0.499306208,0.711283956,0.836791793,0.586030949,0.662670663,0.769642207,0.960835201
17,distilbert-base-multilingual-cased,udpos,freeze_realign_unfreeze_dico,1965,1965,3496,31376,0.042163346,0,0.042163346,0.866509794,0.836192375,0.883913666,0.853521356,0.747070128,0.858718331,0.646266108,0.880683189,0.883867106,0.777137631,0.738220967,0.84629969,0.862983104,0.645734284,0.629071408,0.814240597,0.855836471,0.487226697,0.636721761,0.752949853,0.895548288,0.834233915,0.838523884,0.826963126,0.831445878,0.835506135,0.832362551,0.895991616,0.556064073,0.487310326,0.719003947,0.840580555,0.599665412,0.664835165,0.769447041,0.961464355,0.866509794,0.836192375,0.883913666,0.853521356,0.747070128,0.858718331,0.646266108,0.880683189,0.883867106,0.777137631,0.738220967,0.84629969,0.862983104,0.645734284,0.629071408,0.814240597,0.855836471,0.487226697,0.636721761,0.752949853,0.895548288,0.834233915,0.838523884,0.826963126,0.831445878,0.835506135,0.832362551,0.895991616,0.556064073,0.487310326,0.719003947,0.840580555,0.599665412,0.664835165,0.769447041,0.961464355
31,distilbert-base-multilingual-cased,udpos,freeze_realign_unfreeze_last_6_fastalign,1965,1965,31440,31440,0.061836347,0,0.061836347,0.870643602,0.841188536,0.886954448,0.855477665,0.776236952,0.865176354,0.649247011,0.878218607,0.880474908,0.783904893,0.72172418,0.844277318,0.863371528,0.646196513,0.713434942,0.81270935,0.855836471,0.547909474,0.604692986,0.774705015,0.905359407,0.828653261,0.835792536,0.837682225,0.840927048,0.840107362,0.826111664,0.900288184,0.547368421,0.520970413,0.704434641,0.847167172,0.569552488,0.662837163,0.774695081,0.960206048,0.870643602,0.841188536,0.886954448,0.855477665,0.776236952,0.865176354,0.649247011,0.878218607,0.880474908,0.783904893,0.72172418,0.844277318,0.863371528,0.646196513,0.713434942,0.81270935,0.855836471,0.547909474,0.604692986,0.774705015,0.905359407,0.828653261,0.835792536,0.837682225,0.840927048,0.840107362,0.826111664,0.900288184,0.547368421,0.520970413,0.704434641,0.847167172,0.569552488,0.662837163,0.774695081,0.960206048
42,distilbert-base-multilingual-cased,udpos,freeze_realign_unfreeze_last_6_fastalign,1965,1965,31440,31440,0.061631691,0,0.061631691,0.868417705,0.840615582,0.885881231,0.852543202,0.773561443,0.861003477,0.630305853,0.878683947,0.87897835,0.781069959,0.714110279,0.842381344,0.860846766,0.643687269,0.675303415,0.805340224,0.854581316,0.538319908,0.580457309,0.776825221,0.904158046,0.829302861,0.834990945,0.82800441,0.831006935,0.836656442,0.833854241,0.901021745,0.54187643,0.53623383,0.706175993,0.843844719,0.569385194,0.667748918,0.77079925,0.960127404,0.868417705,0.840615582,0.885881231,0.852543202,0.773561443,0.861003477,0.630305853,0.878683947,0.87897835,0.781069959,0.714110279,0.842381344,0.860846766,0.643687269,0.675303415,0.805340224,0.854581316,0.538319908,0.580457309,0.776825221,0.904158046,0.829302861,0.834990945,0.82800441,0.831006935,0.836656442,0.833854241,0.901021745,0.54187643,0.53623383,0.706175993,0.843844719,0.569385194,0.667748918,0.77079925,0.960127404
66,distilbert-base-multilingual-cased,udpos,freeze_realign_unfreeze_last_6_fastalign,1965,1965,31440,31440,0.036379144,0,0.036379144,0.870325617,0.84026035,0.88886239,0.85588523,0.773109244,0.864182812,0.634497749,0.878287546,0.882969171,0.792775492,0.711776986,0.850091639,0.867547097,0.641376123,0.664803839,0.805723036,0.856464049,0.528500192,0.589021153,0.777378319,0.905259294,0.828919007,0.83282368,0.835722161,0.834869634,0.83696319,0.831510158,0.904060781,0.557437071,0.528758784,0.712967263,0.846525997,0.575407779,0.664585415,0.772636713,0.959694861,0.870325617,0.84026035,0.88886239,0.85588523,0.773109244,0.864182812,0.634497749,0.878287546,0.882969171,0.792775492,0.711776986,0.850091639,0.867547097,0.641376123,0.664803839,0.805723036,0.856464049,0.528500192,0.589021153,0.777378319,0.905259294,0.828919007,0.83282368,0.835722161,0.834869634,0.83696319,0.831510158,0.904060781,0.557437071,0.528758784,0.712967263,0.846525997,0.575407779,0.664585415,0.772636713,0.959694861
23,distilbert-base-multilingual-cased,udpos,freeze_realign_unfreeze_last_6_fastalign,1965,1965,31440,31440,0.027465023,0,0.027465023,0.872869499,0.846259182,0.88868352,0.853276818,0.770961299,0.869647293,0.637820214,0.875047396,0.880175596,0.781893004,0.71742601,0.84629969,0.862594679,0.626518753,0.685238498,0.812805053,0.853057199,0.527963176,0.59844138,0.772584808,0.900787559,0.832816606,0.831428317,0.836395933,0.834781845,0.844555215,0.835274897,0.897877915,0.553775744,0.527639765,0.706988623,0.847983213,0.570472606,0.662670663,0.772441528,0.959812827,0.872869499,0.846259182,0.88868352,0.853276818,0.770961299,0.869647293,0.637820214,0.875047396,0.880175596,0.781893004,0.71742601,0.84629969,0.862594679,0.626518753,0.685238498,0.812805053,0.853057199,0.527963176,0.59844138,0.772584808,0.900787559,0.832816606,0.831428317,0.836395933,0.834781845,0.844555215,0.835274897,0.897877915,0.553775744,0.527639765,0.706988623,0.847983213,0.570472606,0.662670663,0.772441528,0.959812827
17,distilbert-base-multilingual-cased,udpos,freeze_realign_unfreeze_last_6_fastalign,1965,1965,31440,31440,0.04603643,0,0.04603643,0.870643602,0.837492981,0.88999523,0.849608738,0.771300448,0.867858917,0.630585313,0.875254214,0.880175596,0.777503429,0.718244709,0.842886937,0.862012041,0.637612256,0.697008185,0.815484735,0.851353774,0.506559264,0.589963175,0.770648968,0.901721952,0.829184752,0.831933023,0.830331986,0.834430691,0.834739264,0.830018469,0.89944983,0.549199085,0.528624502,0.711864407,0.841163441,0.572145546,0.664502165,0.770632401,0.96044198,0.870643602,0.837492981,0.88999523,0.849608738,0.771300448,0.867858917,0.630585313,0.875254214,0.880175596,0.777503429,0.718244709,0.842886937,0.862012041,0.637612256,0.697008185,0.815484735,0.851353774,0.506559264,0.589963175,0.770648968,0.901721952,0.829184752,0.831933023,0.830331986,0.834430691,0.834739264,0.830018469,0.89944983,0.549199085,0.528624502,0.711864407,0.841163441,0.572145546,0.664502165,0.770632401,0.96044198
31,distilbert-base-multilingual-cased,udpos,freeze_realign_unfreeze_last_6_awesome,1965,1965,31440,31440,0.066101693,0,0.066101693,0.871851946,0.843720994,0.884808013,0.853847408,0.77597317,0.86438152,0.641670548,0.87894247,0.880474908,0.785916781,0.715911417,0.843518928,0.864342591,0.642168516,0.662969235,0.814240597,0.854850278,0.536171845,0.584739231,0.775903392,0.90485884,0.838190569,0.834694059,0.838110989,0.835396366,0.848773006,0.829734337,0.900026199,0.554691076,0.528803545,0.702170885,0.847866636,0.577833542,0.667499167,0.773089794,0.959537572,0.871851946,0.843720994,0.884808013,0.853847408,0.77597317,0.86438152,0.641670548,0.87894247,0.880474908,0.785916781,0.715911417,0.843518928,0.864342591,0.642168516,0.662969235,0.814240597,0.854850278,0.536171845,0.584739231,0.775903392,0.90485884,0.838190569,0.834694059,0.838110989,0.835396366,0.848773006,0.829734337,0.900026199,0.554691076,0.528803545,0.702170885,0.847866636,0.577833542,0.667499167,0.773089794,0.959537572
42,distilbert-base-multilingual-cased,udpos,freeze_realign_unfreeze_last_6_awesome,1965,1965,31440,31440,0.059968814,0,0.059968814,0.869626049,0.8401343,0.886179347,0.854173459,0.77691525,0.866070541,0.632976246,0.881889628,0.878279956,0.781618656,0.707888166,0.835492637,0.862691785,0.633584258,0.658312165,0.813953488,0.853953739,0.553970081,0.591504667,0.781434366,0.903390509,0.833407152,0.836297242,0.833578341,0.828285489,0.842331288,0.831510158,0.900445376,0.565675057,0.530191128,0.704608776,0.842270926,0.566959431,0.662420912,0.771824134,0.959812827,0.869626049,0.8401343,0.886179347,0.854173459,0.77691525,0.866070541,0.632976246,0.881889628,0.878279956,0.781618656,0.707888166,0.835492637,0.862691785,0.633584258,0.658312165,0.813953488,0.853953739,0.553970081,0.591504667,0.781434366,0.903390509,0.833407152,0.836297242,0.833578341,0.828285489,0.842331288,0.831510158,0.900445376,0.565675057,0.530191128,0.704608776,0.842270926,0.566959431,0.662420912,0.771824134,0.959812827
66,distilbert-base-multilingual-cased,udpos,freeze_realign_unfreeze_last_6_awesome,1965,1965,31440,31440,0.031133208,0,0.031133208,0.875794963,0.847892101,0.889220129,0.855070101,0.774541207,0.868852459,0.642850489,0.877287925,0.883268482,0.791769547,0.714069344,0.831384693,0.864148378,0.647253038,0.644933672,0.808115609,0.855208894,0.535558113,0.61103023,0.778576696,0.902756457,0.837954351,0.833476828,0.834925885,0.836800983,0.848619632,0.83761898,0.902331674,0.564302059,0.55879325,0.704782912,0.851946841,0.57398578,0.658924409,0.774824886,0.959930793,0.875794963,0.847892101,0.889220129,0.855070101,0.774541207,0.868852459,0.642850489,0.877287925,0.883268482,0.791769547,0.714069344,0.831384693,0.864148378,0.647253038,0.644933672,0.808115609,0.855208894,0.535558113,0.61103023,0.778576696,0.902756457,0.837954351,0.833476828,0.834925885,0.836800983,0.848619632,0.83761898,0.902331674,0.564302059,0.55879325,0.704782912,0.851946841,0.57398578,0.658924409,0.774824886,0.959930793
23,distilbert-base-multilingual-cased,udpos,freeze_realign_unfreeze_last_6_awesome,1965,1965,31440,31440,0.034377657,0,0.034377657,0.871724752,0.846356584,0.886954448,0.851972612,0.778648679,0.866567312,0.636422916,0.875461032,0.880275367,0.783539095,0.714724303,0.835935031,0.858904642,0.636555732,0.6319221,0.813187865,0.853774431,0.535021097,0.595957866,0.778761062,0.900687446,0.839932678,0.831814268,0.836212177,0.827056448,0.845398773,0.830586731,0.89981661,0.558810069,0.518642854,0.702403065,0.847575192,0.56838143,0.656426906,0.770482693,0.960324014,0.871724752,0.846356584,0.886954448,0.851972612,0.778648679,0.866567312,0.636422916,0.875461032,0.880275367,0.783539095,0.714724303,0.835935031,0.858904642,0.636555732,0.6319221,0.813187865,0.853774431,0.535021097,0.595957866,0.778761062,0.900687446,0.839932678,0.831814268,0.836212177,0.827056448,0.845398773,0.830586731,0.89981661,0.558810069,0.518642854,0.702403065,0.847575192,0.56838143,0.656426906,0.770482693,0.960324014
17,distilbert-base-multilingual-cased,udpos,freeze_realign_unfreeze_last_6_awesome,1965,1965,31440,31440,0.037914526,0,0.037914526,0.870580005,0.844712205,0.885463868,0.853847408,0.777668915,0.867660209,0.625523987,0.878459895,0.879976055,0.777686328,0.707806296,0.841243759,0.863662847,0.641442155,0.651199548,0.809646856,0.853505469,0.515841964,0.599725957,0.777378319,0.903757592,0.835857915,0.83261586,0.835905917,0.82758318,0.844248466,0.83435147,0.89981661,0.570251716,0.538874715,0.704260506,0.842270926,0.572731075,0.654262404,0.771171188,0.959537572,0.870580005,0.844712205,0.885463868,0.853847408,0.777668915,0.867660209,0.625523987,0.878459895,0.879976055,0.777686328,0.707806296,0.841243759,0.863662847,0.641442155,0.651199548,0.809646856,0.853505469,0.515841964,0.599725957,0.777378319,0.903757592,0.835857915,0.83261586,0.835905917,0.82758318,0.844248466,0.83435147,0.89981661,0.570251716,0.538874715,0.704260506,0.842270926,0.572731075,0.654262404,0.771171188,0.959537572
31,distilbert-base-multilingual-cased,udpos,freeze_realign_unfreeze_last_6_dico,1965,1965,3496,31376,0.080204323,0,0.080204323,0.875731366,0.849845875,0.888146912,0.857678513,0.760296944,0.852359662,0.662102158,0.881579401,0.88087399,0.787197074,0.724303082,0.844340517,0.865216547,0.642960909,0.708269828,0.817494497,0.858167474,0.544994246,0.642373897,0.76530236,0.903023427,0.834676824,0.840216133,0.840132304,0.84830129,0.85107362,0.836340389,0.899921404,0.543707094,0.521552303,0.712560947,0.85328748,0.574153074,0.675657676,0.777759977,0.95949825,0.875731366,0.849845875,0.888146912,0.857678513,0.760296944,0.852359662,0.662102158,0.881579401,0.88087399,0.787197074,0.724303082,0.844340517,0.865216547,0.642960909,0.708269828,0.817494497,0.858167474,0.544994246,0.642373897,0.76530236,0.903023427,0.834676824,0.840216133,0.840132304,0.84830129,0.85107362,0.836340389,0.899921404,0.543707094,0.521552303,0.712560947,0.85328748,0.574153074,0.675657676,0.777759977,0.95949825
42,distilbert-base-multilingual-cased,udpos,freeze_realign_unfreeze_last_6_dico,1965,1965,3496,31376,0.060671691,0,0.060671691,0.870452811,0.848493703,0.889935607,0.855070101,0.760108528,0.855837059,0.650768514,0.8838544,0.878479497,0.787562872,0.710589873,0.839853378,0.865313653,0.640451664,0.629184307,0.816058953,0.857988166,0.513387035,0.611287146,0.761338496,0.900954415,0.831517406,0.840572396,0.831495774,0.841629357,0.848466258,0.838329308,0.898087503,0.550572082,0.527057876,0.700313443,0.848566099,0.565704726,0.676656677,0.771351149,0.960559947,0.870452811,0.848493703,0.889935607,0.855070101,0.760108528,0.855837059,0.650768514,0.8838544,0.878479497,0.787562872,0.710589873,0.839853378,0.865313653,0.640451664,0.629184307,0.816058953,0.857988166,0.513387035,0.611287146,0.761338496,0.900954415,0.831517406,0.840572396,0.831495774,0.841629357,0.848466258,0.838329308,0.898087503,0.550572082,0.527057876,0.700313443,0.848566099,0.565704726,0.676656677,0.771351149,0.960559947
66,distilbert-base-multilingual-cased,udpos,freeze_realign_unfreeze_last_6_dico,1965,1965,3496,31376,0.049810313,0,0.049810313,0.872169931,0.851547549,0.889935607,0.857352462,0.758676565,0.856035768,0.65440149,0.884819551,0.881871695,0.797530864,0.725572066,0.84339253,0.86822684,0.644809826,0.64939317,0.808115609,0.859064013,0.515304948,0.623790357,0.759402655,0.903457252,0.837304751,0.838969213,0.836763445,0.845316478,0.847852761,0.835630061,0.901388525,0.556064073,0.537084284,0.694392849,0.849265563,0.568548724,0.66974692,0.774211718,0.95949825,0.872169931,0.851547549,0.889935607,0.857352462,0.758676565,0.856035768,0.65440149,0.884819551,0.881871695,0.797530864,0.725572066,0.84339253,0.86822684,0.644809826,0.64939317,0.808115609,0.859064013,0.515304948,0.623790357,0.759402655,0.903457252,0.837304751,0.838969213,0.836763445,0.845316478,0.847852761,0.835630061,0.901388525,0.556064073,0.537084284,0.694392849,0.849265563,0.568548724,0.66974692,0.774211718,0.95949825
23,distilbert-base-multilingual-cased,udpos,freeze_realign_unfreeze_last_6_dico,1965,1965,3496,31376,0.037091602,0,0.037091602,0.868799288,0.847135802,0.890889578,0.859879361,0.757508385,0.858122206,0.639496973,0.884440385,0.878279956,0.797713763,0.712923165,0.839916577,0.864051272,0.637282092,0.67109794,0.815867547,0.859781244,0.512773303,0.618737689,0.759863569,0.89908563,0.832964242,0.842294332,0.835048389,0.835133,0.84654908,0.833783208,0.894891276,0.563386728,0.511704937,0.692245182,0.843203544,0.57231284,0.663752914,0.771791629,0.959852149,0.868799288,0.847135802,0.890889578,0.859879361,0.757508385,0.858122206,0.639496973,0.884440385,0.878279956,0.797713763,0.712923165,0.839916577,0.864051272,0.637282092,0.67109794,0.815867547,0.859781244,0.512773303,0.618737689,0.759863569,0.89908563,0.832964242,0.842294332,0.835048389,0.835133,0.84654908,0.833783208,0.894891276,0.563386728,0.511704937,0.692245182,0.843203544,0.57231284,0.663752914,0.771791629,0.959852149
17,distilbert-base-multilingual-cased,udpos,freeze_realign_unfreeze_last_6_dico,1965,1965,3496,31376,0.041412439,0,0.041412439,0.872487917,0.84565758,0.889816361,0.853928921,0.759128764,0.85633383,0.654059929,0.883027128,0.882370548,0.799451303,0.721519506,0.846805283,0.864536803,0.637678288,0.646881174,0.820365585,0.856464049,0.498580744,0.622762696,0.754424779,0.901288127,0.834263442,0.838702016,0.82984197,0.84075147,0.848312883,0.833925273,0.8981399,0.553318078,0.503782284,0.708381704,0.844893915,0.578670013,0.656926407,0.771690549,0.959812827,0.872487917,0.84565758,0.889816361,0.853928921,0.759128764,0.85633383,0.654059929,0.883027128,0.882370548,0.799451303,0.721519506,0.846805283,0.864536803,0.637678288,0.646881174,0.820365585,0.856464049,0.498580744,0.622762696,0.754424779,0.901288127,0.834263442,0.838702016,0.82984197,0.84075147,0.848312883,0.833925273,0.8981399,0.553318078,0.503782284,0.708381704,0.844893915,0.578670013,0.656926407,0.771690549,0.959812827
31,distilbert-base-multilingual-cased,udpos,during_partial_freeze_front_fastalign,1965,1965,31440,31440,0.239326894,0.166284904,0.073041983,0.867336556,0.828468952,0.877772478,0.854091947,0.744243886,0.856433184,0.607421208,0.874271828,0.874488676,0.778326475,0.729297147,0.834228654,0.860943873,0.63748019,0.648828676,0.803330462,0.856284741,0.493287303,0.592703605,0.752304572,0.897951011,0.824460389,0.834515928,0.827024378,0.838995698,0.827760736,0.82525927,0.897615929,0.529519451,0.448189428,0.703796146,0.839531359,0.580092012,0.649267399,0.761633045,0.959773505,0.867336556,0.828468952,0.877772478,0.854091947,0.744243886,0.856433184,0.607421208,0.874271828,0.874488676,0.778326475,0.729297147,0.834228654,0.860943873,0.63748019,0.648828676,0.803330462,0.856284741,0.493287303,0.592703605,0.752304572,0.897951011,0.824460389,0.834515928,0.827024378,0.838995698,0.827760736,0.82525927,0.897615929,0.529519451,0.448189428,0.703796146,0.839531359,0.580092012,0.649267399,0.761633045,0.959773505
42,distilbert-base-multilingual-cased,udpos,during_partial_freeze_front_fastalign,1965,1965,31440,31440,0.312586844,0.25480184,0.057785008,0.864601882,0.828228311,0.871512044,0.851402022,0.748351358,0.858420268,0.58475392,0.875374858,0.882270777,0.765340649,0.723115969,0.835682235,0.860069916,0.636291601,0.645328817,0.79902383,0.854581316,0.501035673,0.581399332,0.754332596,0.892311286,0.814716391,0.834308108,0.81906162,0.82758318,0.815797546,0.826395795,0.8981399,0.530892449,0.454590215,0.701648479,0.82915598,0.582517775,0.657009657,0.758977816,0.958829775,0.864601882,0.828228311,0.871512044,0.851402022,0.748351358,0.858420268,0.58475392,0.875374858,0.882270777,0.765340649,0.723115969,0.835682235,0.860069916,0.636291601,0.645328817,0.79902383,0.854581316,0.501035673,0.581399332,0.754332596,0.892311286,0.814716391,0.834308108,0.81906162,0.82758318,0.815797546,0.826395795,0.8981399,0.530892449,0.454590215,0.701648479,0.82915598,0.582517775,0.657009657,0.758977816,0.958829775
66,distilbert-base-multilingual-cased,udpos,during_partial_freeze_front_fastalign,1965,1965,31440,31440,0.178013563,0.145331919,0.032681637,0.866128212,0.826985,0.879620797,0.855640691,0.747974526,0.859215102,0.622263624,0.876288304,0.879277661,0.780612711,0.738630316,0.836440624,0.863274422,0.640979926,0.632204347,0.804957412,0.85762955,0.487763713,0.611201507,0.755623156,0.894947607,0.819765553,0.834189354,0.828494426,0.82942674,0.826150307,0.818155988,0.899554624,0.533180778,0.475941095,0.709078245,0.834809979,0.583354245,0.654595405,0.763657528,0.95949825,0.866128212,0.826985,0.879620797,0.855640691,0.747974526,0.859215102,0.622263624,0.876288304,0.879277661,0.780612711,0.738630316,0.836440624,0.863274422,0.640979926,0.632204347,0.804957412,0.85762955,0.487763713,0.611201507,0.755623156,0.894947607,0.819765553,0.834189354,0.828494426,0.82942674,0.826150307,0.818155988,0.899554624,0.533180778,0.475941095,0.709078245,0.834809979,0.583354245,0.654595405,0.763657528,0.95949825
23,distilbert-base-multilingual-cased,udpos,during_partial_freeze_front_fastalign,1965,1965,31440,31440,0.29668352,0.251439571,0.045243938,0.862058001,0.827128239,0.873658478,0.853765895,0.748087576,0.854048684,0.632324173,0.86644721,0.881173301,0.762322817,0.739080601,0.837451811,0.855700136,0.615821447,0.654868755,0.801224998,0.855029586,0.514077484,0.590733921,0.757835546,0.890842955,0.816547081,0.831250186,0.824574299,0.823720481,0.823159509,0.819647677,0.895991616,0.54187643,0.462647151,0.708729974,0.830146887,0.577749895,0.643606394,0.76098027,0.958908419,0.862058001,0.827128239,0.873658478,0.853765895,0.748087576,0.854048684,0.632324173,0.86644721,0.881173301,0.762322817,0.739080601,0.837451811,0.855700136,0.615821447,0.654868755,0.801224998,0.855029586,0.514077484,0.590733921,0.757835546,0.890842955,0.816547081,0.831250186,0.824574299,0.823720481,0.823159509,0.819647677,0.895991616,0.54187643,0.462647151,0.708729974,0.830146887,0.577749895,0.643606394,0.76098027,0.958908419
17,distilbert-base-multilingual-cased,udpos,during_partial_freeze_front_fastalign,1965,1965,31440,31440,0.293044269,0.238258392,0.054785892,0.859005342,0.822447202,0.871213928,0.850097815,0.745788899,0.857327372,0.606396522,0.874719934,0.876384316,0.771467764,0.728437513,0.826644758,0.857253836,0.629027998,0.641151566,0.802086324,0.851353774,0.492289988,0.588849876,0.748893805,0.8924114,0.818466354,0.832111154,0.821572951,0.814766043,0.821395706,0.821849695,0.895048467,0.531350114,0.469047939,0.70234502,0.825134064,0.581095776,0.639360639,0.757846878,0.959655539,0.859005342,0.822447202,0.871213928,0.850097815,0.745788899,0.857327372,0.606396522,0.874719934,0.876384316,0.771467764,0.728437513,0.826644758,0.857253836,0.629027998,0.641151566,0.802086324,0.851353774,0.492289988,0.588849876,0.748893805,0.8924114,0.818466354,0.832111154,0.821572951,0.814766043,0.821395706,0.821849695,0.895048467,0.531350114,0.469047939,0.70234502,0.825134064,0.581095776,0.639360639,0.757846878,0.959655539
31,distilbert-base-multilingual-cased,udpos,during_partial_freeze_front_awesome,1965,1965,31440,31440,0.277534366,0.201123625,0.076410741,0.866764182,0.829603401,0.879024565,0.855559178,0.745449749,0.860407352,0.57755007,0.874840578,0.876982939,0.776131687,0.728642188,0.834797447,0.862983104,0.634706815,0.669799605,0.803521868,0.855477855,0.493057154,0.587308384,0.754424779,0.898384836,0.82531668,0.833744025,0.827575646,0.83952243,0.831211656,0.825472368,0.898401886,0.532723112,0.451591245,0.705073137,0.839356493,0.578670013,0.651431901,0.761926716,0.959891471,0.866764182,0.829603401,0.879024565,0.855559178,0.745449749,0.860407352,0.57755007,0.874840578,0.876982939,0.776131687,0.728642188,0.834797447,0.862983104,0.634706815,0.669799605,0.803521868,0.855477855,0.493057154,0.587308384,0.754424779,0.898384836,0.82531668,0.833744025,0.827575646,0.83952243,0.831211656,0.825472368,0.898401886,0.532723112,0.451591245,0.705073137,0.839356493,0.578670013,0.651431901,0.761926716,0.959891471
42,distilbert-base-multilingual-cased,udpos,during_partial_freeze_front_awesome,1965,1965,31440,31440,0.254521728,0.17834048,0.076181248,0.865555838,0.828291336,0.873419986,0.851238996,0.748351358,0.859215102,0.57208508,0.874461411,0.881073531,0.762231367,0.725735806,0.833786261,0.85997281,0.636225568,0.653513971,0.800076562,0.851802044,0.511852704,0.585766892,0.755715339,0.892277915,0.817787227,0.833417451,0.819674139,0.82758318,0.817638037,0.824193778,0.896305999,0.543707094,0.463810931,0.699965173,0.83003031,0.582517775,0.655178155,0.759837033,0.959458928,0.865555838,0.828291336,0.873419986,0.851238996,0.748351358,0.859215102,0.57208508,0.874461411,0.881073531,0.762231367,0.725735806,0.833786261,0.85997281,0.636225568,0.653513971,0.800076562,0.851802044,0.511852704,0.585766892,0.755715339,0.892277915,0.817787227,0.833417451,0.819674139,0.82758318,0.817638037,0.824193778,0.896305999,0.543707094,0.463810931,0.699965173,0.83003031,0.582517775,0.655178155,0.759837033,0.959458928
66,distilbert-base-multilingual-cased,udpos,during_partial_freeze_front_awesome,1965,1965,31440,31440,0.249398708,0.208586767,0.040811934,0.867145764,0.827798595,0.877057,0.855722204,0.753740061,0.859711873,0.60689334,0.878632243,0.880075826,0.773205304,0.733145033,0.834797447,0.864148378,0.64058373,0.628168219,0.802373433,0.856733011,0.488530878,0.620193543,0.756084071,0.895648402,0.821507662,0.835169076,0.827024378,0.827934334,0.826763804,0.821849695,0.898401886,0.539588101,0.465377557,0.707452984,0.835101422,0.585110832,0.651265401,0.763027514,0.959616216,0.867145764,0.827798595,0.877057,0.855722204,0.753740061,0.859711873,0.60689334,0.878632243,0.880075826,0.773205304,0.733145033,0.834797447,0.864148378,0.64058373,0.628168219,0.802373433,0.856733011,0.488530878,0.620193543,0.756084071,0.895648402,0.821507662,0.835169076,0.827024378,0.827934334,0.826763804,0.821849695,0.898401886,0.539588101,0.465377557,0.707452984,0.835101422,0.585110832,0.651265401,0.763027514,0.959616216
23,distilbert-base-multilingual-cased,udpos,during_partial_freeze_front_awesome,1965,1965,31440,31440,0.192755312,0.158751696,0.034003612,0.863965912,0.828572083,0.873598855,0.8493642,0.750423936,0.855439642,0.620773172,0.867705353,0.880275367,0.759762231,0.739203406,0.834102256,0.852981161,0.613906498,0.654755857,0.802756245,0.853057199,0.506942846,0.602894579,0.757558997,0.891043182,0.819736026,0.83053766,0.825983094,0.823720481,0.826150307,0.822631056,0.89536285,0.543707094,0.484266595,0.711574182,0.831137794,0.582183187,0.643190143,0.761743043,0.959144351,0.863965912,0.828572083,0.873598855,0.8493642,0.750423936,0.855439642,0.620773172,0.867705353,0.880275367,0.759762231,0.739203406,0.834102256,0.852981161,0.613906498,0.654755857,0.802756245,0.853057199,0.506942846,0.602894579,0.757558997,0.891043182,0.819736026,0.83053766,0.825983094,0.823720481,0.826150307,0.822631056,0.89536285,0.543707094,0.484266595,0.711574182,0.831137794,0.582183187,0.643190143,0.761743043,0.959144351
17,distilbert-base-multilingual-cased,udpos,during_partial_freeze_front_awesome,1965,1965,31440,31440,0.252879441,0.196083233,0.056796204,0.85862376,0.820161115,0.86900787,0.850097815,0.746693296,0.857724789,0.583698184,0.874823343,0.87518707,0.764151806,0.727700684,0.825823169,0.85919596,0.631933439,0.649449619,0.801033592,0.85171239,0.49911776,0.599640319,0.753687316,0.894313555,0.816045118,0.831665825,0.822614235,0.813624792,0.820322086,0.818937349,0.896410794,0.545080092,0.487981738,0.703563966,0.822860807,0.584776244,0.638444888,0.758708964,0.959616216,0.85862376,0.820161115,0.86900787,0.850097815,0.746693296,0.857724789,0.583698184,0.874823343,0.87518707,0.764151806,0.727700684,0.825823169,0.85919596,0.631933439,0.649449619,0.801033592,0.85171239,0.49911776,0.599640319,0.753687316,0.894313555,0.816045118,0.831665825,0.822614235,0.813624792,0.820322086,0.818937349,0.896410794,0.545080092,0.487981738,0.703563966,0.822860807,0.584776244,0.638444888,0.758708964,0.959616216
31,distilbert-base-multilingual-cased,udpos,during_partial_freeze_front_dico,1965,1965,3496,31400,0.211970717,0.145590052,0.066380672,0.870643602,0.834949064,0.883257811,0.854581024,0.745261333,0.856731247,0.619251669,0.875357623,0.879277661,0.780521262,0.729174342,0.838842192,0.859778598,0.637348125,0.63875247,0.809742559,0.855926125,0.488377445,0.617110559,0.751935841,0.89965294,0.831133552,0.834634682,0.830393238,0.844789746,0.838957055,0.82802955,0.899345035,0.539588101,0.480461931,0.707336893,0.844719049,0.589878712,0.656676657,0.766247579,0.959222996,0.870643602,0.834949064,0.883257811,0.854581024,0.745261333,0.856731247,0.619251669,0.875357623,0.879277661,0.780521262,0.729174342,0.838842192,0.859778598,0.637348125,0.63875247,0.809742559,0.855926125,0.488377445,0.617110559,0.751935841,0.89965294,0.831133552,0.834634682,0.830393238,0.844789746,0.838957055,0.82802955,0.899345035,0.539588101,0.480461931,0.707336893,0.844719049,0.589878712,0.656676657,0.766247579,0.959222996
42,distilbert-base-multilingual-cased,udpos,during_partial_freeze_front_dico,1965,1965,3496,31400,0.170360789,0.105518281,0.064842507,0.867908929,0.835636609,0.876699261,0.853847408,0.740324829,0.858122206,0.610867878,0.877615387,0.880774219,0.767535437,0.72610422,0.839474183,0.860264129,0.642696778,0.635704205,0.809168341,0.855926125,0.512006137,0.609574377,0.748525074,0.894680638,0.822127735,0.834961256,0.822675487,0.835484154,0.824846626,0.82930814,0.900340582,0.535469108,0.498187189,0.706234038,0.834809979,0.590380594,0.664502165,0.764787748,0.959144351,0.867908929,0.835636609,0.876699261,0.853847408,0.740324829,0.858122206,0.610867878,0.877615387,0.880774219,0.767535437,0.72610422,0.839474183,0.860264129,0.642696778,0.635704205,0.809168341,0.855926125,0.512006137,0.609574377,0.748525074,0.894680638,0.822127735,0.834961256,0.822675487,0.835484154,0.824846626,0.82930814,0.900340582,0.535469108,0.498187189,0.706234038,0.834809979,0.590380594,0.664502165,0.764787748,0.959144351
66,distilbert-base-multilingual-cased,udpos,during_partial_freeze_front_dico,1965,1965,3496,31400,0.134207189,0.098923579,0.035283618,0.870452811,0.832067104,0.88230384,0.85588523,0.747936843,0.857824143,0.635832945,0.878632243,0.880674449,0.781618656,0.737852552,0.839474183,0.86385706,0.654714739,0.623595823,0.810699588,0.858526089,0.484158036,0.626530787,0.755807522,0.895481546,0.827147371,0.835495651,0.82892319,0.83636204,0.83297546,0.823199318,0.90055017,0.54187643,0.481715232,0.705363362,0.840230823,0.58377248,0.66033966,0.766819923,0.959458928,0.870452811,0.832067104,0.88230384,0.85588523,0.747936843,0.857824143,0.635832945,0.878632243,0.880674449,0.781618656,0.737852552,0.839474183,0.86385706,0.654714739,0.623595823,0.810699588,0.858526089,0.484158036,0.626530787,0.755807522,0.895481546,0.827147371,0.835495651,0.82892319,0.83636204,0.83297546,0.823199318,0.90055017,0.54187643,0.481715232,0.705363362,0.840230823,0.58377248,0.66033966,0.766819923,0.959458928
23,distilbert-base-multilingual-cased,udpos,during_partial_freeze_front_dico,1965,1965,3496,31400,0.173658714,0.120291531,0.053367183,0.868417705,0.836083514,0.880932507,0.853113792,0.745788899,0.852260308,0.636919733,0.868343042,0.880474908,0.767352538,0.73957182,0.837388612,0.856768305,0.626386688,0.640587073,0.81041248,0.855388202,0.503337169,0.61762439,0.752212389,0.8924114,0.827796971,0.831873645,0.831740782,0.837152138,0.837653374,0.824406876,0.897511134,0.552860412,0.48632559,0.713199443,0.841688039,0.581681305,0.648185148,0.76570148,0.959262318,0.868417705,0.836083514,0.880932507,0.853113792,0.745788899,0.852260308,0.636919733,0.868343042,0.880474908,0.767352538,0.73957182,0.837388612,0.856768305,0.626386688,0.640587073,0.81041248,0.855388202,0.503337169,0.61762439,0.752212389,0.8924114,0.827796971,0.831873645,0.831740782,0.837152138,0.837653374,0.824406876,0.897511134,0.552860412,0.48632559,0.713199443,0.841688039,0.581681305,0.648185148,0.76570148,0.959262318
17,distilbert-base-multilingual-cased,udpos,during_partial_freeze_front_dico,1965,1965,3496,31400,0.143635899,0.084047265,0.059588641,0.867082167,0.831637389,0.87818984,0.851891099,0.741681426,0.859314456,0.634218289,0.877477509,0.882270777,0.775125743,0.736256089,0.835555836,0.859390173,0.643092974,0.628450466,0.811273806,0.85467097,0.487226697,0.608717993,0.749170354,0.895748515,0.827678861,0.83323932,0.825186819,0.827495391,0.837960123,0.828171615,0.898925858,0.537299771,0.498455754,0.708323659,0.835043134,0.586616478,0.645687646,0.764662559,0.960009437,0.867082167,0.831637389,0.87818984,0.851891099,0.741681426,0.859314456,0.634218289,0.877477509,0.882270777,0.775125743,0.736256089,0.835555836,0.859390173,0.643092974,0.628450466,0.811273806,0.85467097,0.487226697,0.608717993,0.749170354,0.895748515,0.827678861,0.83323932,0.825186819,0.827495391,0.837960123,0.828171615,0.898925858,0.537299771,0.498455754,0.708323659,0.835043134,0.586616478,0.645687646,0.764662559,0.960009437
31,distilbert-base-multilingual-cased,udpos,during_partial_freeze_back_fastalign,1965,1965,31440,31440,0.20585981,0.139961764,0.065898046,0.861104045,0.828829913,0.875447174,0.849445712,0.752232732,0.858022851,0.624126688,0.879269932,0.872393495,0.780246914,0.713659994,0.834165455,0.857933579,0.638998943,0.676658199,0.799789454,0.849829658,0.492213272,0.604692986,0.754977876,0.905693119,0.82239348,0.836891013,0.822369227,0.827232025,0.83243865,0.824975139,0.900707362,0.539130435,0.518150486,0.696830741,0.832944742,0.566373902,0.659007659,0.764387555,0.958987063,0.861104045,0.828829913,0.875447174,0.849445712,0.752232732,0.858022851,0.624126688,0.879269932,0.872393495,0.780246914,0.713659994,0.834165455,0.857933579,0.638998943,0.676658199,0.799789454,0.849829658,0.492213272,0.604692986,0.754977876,0.905693119,0.82239348,0.836891013,0.822369227,0.827232025,0.83243865,0.824975139,0.900707362,0.539130435,0.518150486,0.696830741,0.832944742,0.566373902,0.659007659,0.764387555,0.958987063
42,distilbert-base-multilingual-cased,udpos,during_partial_freeze_back_fastalign,1965,1965,31440,31440,0.278918564,0.222470388,0.056448188,0.858496566,0.829975821,0.879084188,0.847733942,0.75430531,0.860804769,0.621083683,0.87783944,0.880175596,0.779606767,0.715788612,0.83384946,0.858322004,0.653195985,0.694044595,0.79739688,0.848933118,0.509858074,0.59081956,0.752949853,0.903490623,0.816547081,0.834545616,0.816244028,0.821525766,0.824233129,0.827603353,0.901126539,0.535011442,0.502036614,0.692825633,0.826999301,0.563529904,0.653679654,0.763637144,0.958751131,0.858496566,0.829975821,0.879084188,0.847733942,0.75430531,0.860804769,0.621083683,0.87783944,0.880175596,0.779606767,0.715788612,0.83384946,0.858322004,0.653195985,0.694044595,0.79739688,0.848933118,0.509858074,0.59081956,0.752949853,0.903490623,0.816547081,0.834545616,0.816244028,0.821525766,0.824233129,0.827603353,0.901126539,0.535011442,0.502036614,0.692825633,0.826999301,0.563529904,0.653679654,0.763637144,0.958751131
66,distilbert-base-multilingual-cased,udpos,during_partial_freeze_back_fastalign,1965,1965,31440,31440,0.164641619,0.133224338,0.031417288,0.86078606,0.825512508,0.87950155,0.850260841,0.755322757,0.856433184,0.632262071,0.879028644,0.879776514,0.788203018,0.719882107,0.836314226,0.859584385,0.643555203,0.665848151,0.801416403,0.851802044,0.501342539,0.614455768,0.754885693,0.904224788,0.816251809,0.836891013,0.822185471,0.823369327,0.829754601,0.823767581,0.903274823,0.552860412,0.524775077,0.700255398,0.829389135,0.565453785,0.654179154,0.765964884,0.958869097,0.86078606,0.825512508,0.87950155,0.850260841,0.755322757,0.856433184,0.632262071,0.879028644,0.879776514,0.788203018,0.719882107,0.836314226,0.859584385,0.643555203,0.665848151,0.801416403,0.851802044,0.501342539,0.614455768,0.754885693,0.904224788,0.816251809,0.836891013,0.822185471,0.823369327,0.829754601,0.823767581,0.903274823,0.552860412,0.524775077,0.700255398,0.829389135,0.565453785,0.654179154,0.765964884,0.958869097
23,distilbert-base-multilingual-cased,udpos,during_partial_freeze_back_fastalign,1965,1965,31440,31440,0.264336467,0.210491046,0.053845424,0.864411091,0.83299529,0.878070594,0.8493642,0.766627727,0.853949329,0.629902189,0.874461411,0.881472613,0.775765889,0.71758975,0.837135815,0.857933579,0.640649762,0.689867344,0.798162504,0.846960732,0.517299578,0.608632354,0.759033923,0.903056798,0.820149408,0.833684648,0.821266691,0.82187692,0.832668712,0.822773121,0.90018339,0.54416476,0.512958238,0.694741119,0.831137794,0.541028858,0.649017649,0.764970405,0.958672486,0.864411091,0.83299529,0.878070594,0.8493642,0.766627727,0.853949329,0.629902189,0.874461411,0.881472613,0.775765889,0.71758975,0.837135815,0.857933579,0.640649762,0.689867344,0.798162504,0.846960732,0.517299578,0.608632354,0.759033923,0.903056798,0.820149408,0.833684648,0.821266691,0.82187692,0.832668712,0.822773121,0.90018339,0.54416476,0.512958238,0.694741119,0.831137794,0.541028858,0.649017649,0.764970405,0.958672486
17,distilbert-base-multilingual-cased,udpos,during_partial_freeze_back_fastalign,1965,1965,31440,31440,0.279907048,0.218813926,0.061093107,0.858878148,0.827586602,0.872943,0.847163352,0.755774956,0.859215102,0.623629871,0.878339251,0.876184775,0.778509374,0.715665807,0.830247109,0.858516217,0.637083994,0.690234265,0.804478898,0.849112426,0.51261987,0.585852531,0.75479351,0.901888807,0.815749845,0.836148799,0.820960431,0.815117198,0.825306748,0.825401335,0.898821064,0.535926773,0.483460901,0.697469236,0.827232455,0.557925554,0.644189144,0.761836098,0.958987063,0.858878148,0.827586602,0.872943,0.847163352,0.755774956,0.859215102,0.623629871,0.878339251,0.876184775,0.778509374,0.715665807,0.830247109,0.858516217,0.637083994,0.690234265,0.804478898,0.849112426,0.51261987,0.585852531,0.75479351,0.901888807,0.815749845,0.836148799,0.820960431,0.815117198,0.825306748,0.825401335,0.898821064,0.535926773,0.483460901,0.697469236,0.827232455,0.557925554,0.644189144,0.761836098,0.958987063
31,distilbert-base-multilingual-cased,udpos,during_partial_freeze_back_awesome,1965,1965,31440,31440,0.256255925,0.181537732,0.0747182,0.860658865,0.832846322,0.877355116,0.849853277,0.758450465,0.860506706,0.612544636,0.877546448,0.875885463,0.785642433,0.71750788,0.837262213,0.858516217,0.636423666,0.667852103,0.803043353,0.849471042,0.506712697,0.611372784,0.760324484,0.903056798,0.82596628,0.836653505,0.821144187,0.824598367,0.834125767,0.822915187,0.900288184,0.545080092,0.527460722,0.692535407,0.833585917,0.564282727,0.65975691,0.765624301,0.959655539,0.860658865,0.832846322,0.877355116,0.849853277,0.758450465,0.860506706,0.612544636,0.877546448,0.875885463,0.785642433,0.71750788,0.837262213,0.858516217,0.636423666,0.667852103,0.803043353,0.849471042,0.506712697,0.611372784,0.760324484,0.903056798,0.82596628,0.836653505,0.821144187,0.824598367,0.834125767,0.822915187,0.900288184,0.545080092,0.527460722,0.692535407,0.833585917,0.564282727,0.65975691,0.765624301,0.959655539
42,distilbert-base-multilingual-cased,udpos,during_partial_freeze_back_awesome,1965,1965,31440,31440,0.231112137,0.161793873,0.069318265,0.85925973,0.826853221,0.876460768,0.847081839,0.761917323,0.859215102,0.609843192,0.875409327,0.878679038,0.7826246,0.714151214,0.836819819,0.858613323,0.646064448,0.697770251,0.801607809,0.849112426,0.546605293,0.603322771,0.760601032,0.902756457,0.819529335,0.834248731,0.817101556,0.822579229,0.825843558,0.82476204,0.900445376,0.548741419,0.522671322,0.69625029,0.828689671,0.563948139,0.650599401,0.766181737,0.959537572,0.85925973,0.826853221,0.876460768,0.847081839,0.761917323,0.859215102,0.609843192,0.875409327,0.878679038,0.7826246,0.714151214,0.836819819,0.858613323,0.646064448,0.697770251,0.801607809,0.849112426,0.546605293,0.603322771,0.760601032,0.902756457,0.819529335,0.834248731,0.817101556,0.822579229,0.825843558,0.82476204,0.900445376,0.548741419,0.522671322,0.69625029,0.828689671,0.563948139,0.650599401,0.766181737,0.959537572
66,distilbert-base-multilingual-cased,udpos,during_partial_freeze_back_awesome,1965,1965,31440,31440,0.228234246,0.185316741,0.042917505,0.859577716,0.826538096,0.878309087,0.849445712,0.767268342,0.85941381,0.627945971,0.877598152,0.876284546,0.788111568,0.724753367,0.836883018,0.858904642,0.647120972,0.6702512,0.799310939,0.849829658,0.517299578,0.620450458,0.761338496,0.903190282,0.820356099,0.836089422,0.820776675,0.820208937,0.827377301,0.823341384,0.89981661,0.561098398,0.526475986,0.703796146,0.828048496,0.576662484,0.654761905,0.767606925,0.959340962,0.859577716,0.826538096,0.878309087,0.849445712,0.767268342,0.85941381,0.627945971,0.877598152,0.876284546,0.788111568,0.724753367,0.836883018,0.858904642,0.647120972,0.6702512,0.799310939,0.849829658,0.517299578,0.620450458,0.761338496,0.903190282,0.820356099,0.836089422,0.820776675,0.820208937,0.827377301,0.823341384,0.89981661,0.561098398,0.526475986,0.703796146,0.828048496,0.576662484,0.654761905,0.767606925,0.959340962
23,distilbert-base-multilingual-cased,udpos,during_partial_freeze_back_awesome,1965,1965,31440,31440,0.188106656,0.14626576,0.0418409,0.863202747,0.831396748,0.876103029,0.846348223,0.768926405,0.856433184,0.620866325,0.872600048,0.879377432,0.778143576,0.724630562,0.841243759,0.853660905,0.631141046,0.696810612,0.805148818,0.845436615,0.517683161,0.621820673,0.766777286,0.902956684,0.823633626,0.833061188,0.822369227,0.82565183,0.833972393,0.824406876,0.899764213,0.555148741,0.5142563,0.699210587,0.831429238,0.56168967,0.649267399,0.766899092,0.959380284,0.863202747,0.831396748,0.876103029,0.846348223,0.768926405,0.856433184,0.620866325,0.872600048,0.879377432,0.778143576,0.724630562,0.841243759,0.853660905,0.631141046,0.696810612,0.805148818,0.845436615,0.517683161,0.621820673,0.766777286,0.902956684,0.823633626,0.833061188,0.822369227,0.82565183,0.833972393,0.824406876,0.899764213,0.555148741,0.5142563,0.699210587,0.831429238,0.56168967,0.649267399,0.766899092,0.959380284
17,distilbert-base-multilingual-cased,udpos,during_partial_freeze_back_awesome,1965,1965,31440,31440,0.215203628,0.168539822,0.046663806,0.858878148,0.827053755,0.870736943,0.845859146,0.758789615,0.86010929,0.621766806,0.874961222,0.872593036,0.77567444,0.70882967,0.828035139,0.857933579,0.643159007,0.687891617,0.802469136,0.847767617,0.528500192,0.595358397,0.759218289,0.903357138,0.816635663,0.834248731,0.820715423,0.812307962,0.827223926,0.824335843,0.898192298,0.559267735,0.524506513,0.695147434,0.823618559,0.561438729,0.644272394,0.763848629,0.958790453,0.858878148,0.827053755,0.870736943,0.845859146,0.758789615,0.86010929,0.621766806,0.874961222,0.872593036,0.77567444,0.70882967,0.828035139,0.857933579,0.643159007,0.687891617,0.802469136,0.847767617,0.528500192,0.595358397,0.759218289,0.903357138,0.816635663,0.834248731,0.820715423,0.812307962,0.827223926,0.824335843,0.898192298,0.559267735,0.524506513,0.695147434,0.823618559,0.561438729,0.644272394,0.763848629,0.958790453
31,distilbert-base-multilingual-cased,udpos,during_partial_freeze_back_dico,1965,1965,3496,31400,0.188252091,0.117115371,0.071136728,0.866255406,0.837183586,0.883377057,0.85164656,0.758111316,0.85514158,0.641918957,0.875805729,0.876085004,0.784453589,0.714274019,0.840674967,0.858807535,0.637282092,0.653005927,0.809168341,0.850636543,0.502186421,0.638177614,0.760232301,0.904925582,0.82844657,0.836267553,0.827943158,0.839785796,0.838957055,0.825898565,0.900864553,0.545080092,0.534577682,0.697353146,0.842678946,0.578502719,0.666999667,0.769491342,0.958672486,0.866255406,0.837183586,0.883377057,0.85164656,0.758111316,0.85514158,0.641918957,0.875805729,0.876085004,0.784453589,0.714274019,0.840674967,0.858807535,0.637282092,0.653005927,0.809168341,0.850636543,0.502186421,0.638177614,0.760232301,0.904925582,0.82844657,0.836267553,0.827943158,0.839785796,0.838957055,0.825898565,0.900864553,0.545080092,0.534577682,0.697353146,0.842678946,0.578502719,0.666999667,0.769491342,0.958672486
42,distilbert-base-multilingual-cased,udpos,during_partial_freeze_back_dico,1965,1965,3496,31400,0.154988095,0.095324144,0.059663951,0.863011956,0.840174407,0.88343668,0.850097815,0.762595621,0.858618977,0.633628319,0.875357623,0.878579268,0.786739826,0.713455319,0.838462997,0.858710429,0.645932382,0.670646345,0.808594124,0.849829658,0.527196011,0.639205275,0.753687316,0.903724221,0.826733989,0.833773714,0.816121524,0.832060399,0.832592025,0.82653786,0.901440922,0.536842105,0.536994763,0.706059902,0.836850082,0.577666248,0.664002664,0.769687081,0.959262318,0.863011956,0.840174407,0.88343668,0.850097815,0.762595621,0.858618977,0.633628319,0.875357623,0.878579268,0.786739826,0.713455319,0.838462997,0.858710429,0.645932382,0.670646345,0.808594124,0.849829658,0.527196011,0.639205275,0.753687316,0.903724221,0.826733989,0.833773714,0.816121524,0.832060399,0.832592025,0.82653786,0.901440922,0.536842105,0.536994763,0.706059902,0.836850082,0.577666248,0.664002664,0.769687081,0.959262318
66,distilbert-base-multilingual-cased,udpos,during_partial_freeze_back_dico,1965,1965,3496,31400,0.114761904,0.080944762,0.033817139,0.871788349,0.841750032,0.886119723,0.851565047,0.764102951,0.85822156,0.640894271,0.878649478,0.884266188,0.798171011,0.722706619,0.838462997,0.859098854,0.654186476,0.640982218,0.807062877,0.853146853,0.513693901,0.636978676,0.765671091,0.906527398,0.829657188,0.834486239,0.827208134,0.832411553,0.839647239,0.830231567,0.90500393,0.55423341,0.549706817,0.690329696,0.841163441,0.579171895,0.667332667,0.77219501,0.959262318,0.871788349,0.841750032,0.886119723,0.851565047,0.764102951,0.85822156,0.640894271,0.878649478,0.884266188,0.798171011,0.722706619,0.838462997,0.859098854,0.654186476,0.640982218,0.807062877,0.853146853,0.513693901,0.636978676,0.765671091,0.906527398,0.829657188,0.834486239,0.827208134,0.832411553,0.839647239,0.830231567,0.90500393,0.55423341,0.549706817,0.690329696,0.841163441,0.579171895,0.667332667,0.77219501,0.959262318
23,distilbert-base-multilingual-cased,udpos,during_partial_freeze_back_dico,1965,1965,3496,31400,0.14284566,0.103482328,0.039363336,0.870071229,0.843709535,0.88361555,0.850668406,0.760711459,0.856731247,0.647135538,0.875288684,0.881771925,0.783356196,0.727782554,0.839916577,0.858516217,0.64322504,0.669912504,0.810603886,0.850277927,0.531799003,0.638520168,0.761615044,0.902022292,0.832432752,0.835733159,0.827208134,0.836010886,0.841104294,0.828455747,0.900812156,0.541418764,0.541873685,0.694508939,0.845243647,0.567461313,0.658674659,0.771711444,0.95855452,0.870071229,0.843709535,0.88361555,0.850668406,0.760711459,0.856731247,0.647135538,0.875288684,0.881771925,0.783356196,0.727782554,0.839916577,0.858516217,0.64322504,0.669912504,0.810603886,0.850277927,0.531799003,0.638520168,0.761615044,0.902022292,0.832432752,0.835733159,0.827208134,0.836010886,0.841104294,0.828455747,0.900812156,0.541418764,0.541873685,0.694508939,0.845243647,0.567461313,0.658674659,0.771711444,0.95855452
17,distilbert-base-multilingual-cased,udpos,during_partial_freeze_back_dico,1965,1965,3496,31400,0.134546161,0.072020017,0.062526137,0.867145764,0.841429177,0.880395898,0.849282687,0.760146211,0.861500248,0.646576619,0.878097963,0.87897835,0.788020119,0.718490319,0.835871832,0.860264129,0.653724247,0.662207169,0.810890994,0.852967545,0.525124664,0.624561103,0.754701327,0.902656344,0.827767443,0.834872191,0.827636898,0.827495391,0.840184049,0.832007387,0.900130993,0.550114416,0.535562419,0.701996749,0.837141525,0.577582601,0.653762904,0.770567285,0.958515198,0.867145764,0.841429177,0.880395898,0.849282687,0.760146211,0.861500248,0.646576619,0.878097963,0.87897835,0.788020119,0.718490319,0.835871832,0.860264129,0.653724247,0.662207169,0.810890994,0.852967545,0.525124664,0.624561103,0.754701327,0.902656344,0.827767443,0.834872191,0.827636898,0.827495391,0.840184049,0.832007387,0.900130993,0.550114416,0.535562419,0.701996749,0.837141525,0.577582601,0.653762904,0.770567285,0.958515198
31,distilbert-base-multilingual-cased,udpos,baseline,1965,0,0,0,0.066185594,0,0.066185594,0.845204782,0.780713213,0.870259957,0.847489403,0.702943061,0.851962245,0.515758423,0.864603082,0.88087399,0.747325103,0.732121659,0.826202364,0.85637988,0.621962493,0.617358171,0.789740645,0.852698583,0.494284618,0.577973795,0.724465339,0.884268838,0.792275667,0.829409494,0.79970599,0.823193749,0.777760736,0.791092485,0.894367304,0.525400458,0.322008863,0.698165777,0.810095593,0.572396487,0.647269397,0.740227401,0.958947741,0.845204782,0.780713213,0.870259957,0.847489403,0.702943061,0.851962245,0.515758423,0.864603082,0.88087399,0.747325103,0.732121659,0.826202364,0.85637988,0.621962493,0.617358171,0.789740645,0.852698583,0.494284618,0.577973795,0.724465339,0.884268838,0.792275667,0.829409494,0.79970599,0.823193749,0.777760736,0.791092485,0.894367304,0.525400458,0.322008863,0.698165777,0.810095593,0.572396487,0.647269397,0.740227401,0.958947741
,,,,,,,,,,,,,,,,,,,,,,,,,,,,,,,,,,,,,,,,,,,,,,,,,,,,,,,,,,,,,,,,,,,,,,,,,,,,,,,,,,
42,distilbert-base-multilingual-cased,udpos,baseline,1965,0,0,0,0.071573772,0,0.071573772,0.845840753,0.793083296,0.874075841,0.843821324,0.660926254,0.855638351,0.504486881,0.869773534,0.875486381,0.735345222,0.722338205,0.813752133,0.851330355,0.615623349,0.575613887,0.793568763,0.853684777,0.452704258,0.5109189,0.686117257,0.88607088,0.797147666,0.834990945,0.797317163,0.809849881,0.786042945,0.801676374,0.885669374,0.505263158,0.219775301,0.703505921,0.815166706,0.562358846,0.618048618,0.728147456,0.960559947,0.845840753,0.793083296,0.874075841,0.843821324,0.660926254,0.855638351,0.504486881,0.869773534,0.875486381,0.735345222,0.722338205,0.813752133,0.851330355,0.615623349,0.575613887,0.793568763,0.853684777,0.452704258,0.5109189,0.686117257,0.88607088,0.797147666,0.834990945,0.797317163,0.809849881,0.786042945,0.801676374,0.885669374,0.505263158,0.219775301,0.703505921,0.815166706,0.562358846,0.618048618,0.728147456,0.960559947
,,,,,,,,,,,,,,,,,,,,,,,,,,,,,,,,,,,,,,,,,,,,,,,,,,,,,,,,,,,,,,,,,,,,,,,,,,,,,,,,,,
66,distilbert-base-multilingual-cased,udpos,baseline,1965,0,0,0,0.028509023,0,0.028509023,0.850992114,0.792602015,0.879263057,0.844147375,0.710894223,0.8544461,0.510821301,0.859639447,0.881372842,0.768907179,0.715461132,0.833470265,0.854340649,0.612849974,0.576883997,0.789070724,0.843553882,0.458227848,0.568211013,0.728060472,0.882032971,0.796409484,0.829884511,0.797194659,0.808445264,0.776533742,0.792584174,0.891537857,0.519908467,0.344657804,0.690677966,0.812951737,0.580092012,0.647935398,0.738354755,0.959930793,0.850992114,0.792602015,0.879263057,0.844147375,0.710894223,0.8544461,0.510821301,0.859639447,0.881372842,0.768907179,0.715461132,0.833470265,0.854340649,0.612849974,0.576883997,0.789070724,0.843553882,0.458227848,0.568211013,0.728060472,0.882032971,0.796409484,0.829884511,0.797194659,0.808445264,0.776533742,0.792584174,0.891537857,0.519908467,0.344657804,0.690677966,0.812951737,0.580092012,0.647935398,0.738354755,0.959930793
,,,,,,,,,,,,,,,,,,,,,,,,,,,,,,,,,,,,,,,,,,,,,,,,,,,,,,,,,,,,,,,,,,,,,,,,,,,,,,,,,,
23,distilbert-base-multilingual-cased,udpos,baseline,1965,0,0,0,0.049776293,0,0.049776293,0.853726787,0.799236825,0.871273551,0.847896968,0.704186607,0.858022851,0.547026859,0.86858433,0.875386611,0.747142204,0.732408203,0.817544081,0.855894348,0.628169572,0.616342083,0.790123457,0.85260893,0.498427311,0.566070052,0.728521386,0.888039778,0.801783447,0.828993854,0.808403773,0.815204986,0.793634969,0.800752948,0.89185224,0.53180778,0.380958775,0.698920362,0.816565633,0.582183187,0.649433899,0.745503784,0.959655539,0.853726787,0.799236825,0.871273551,0.847896968,0.704186607,0.858022851,0.547026859,0.86858433,0.875386611,0.747142204,0.732408203,0.817544081,0.855894348,0.628169572,0.616342083,0.790123457,0.85260893,0.498427311,0.566070052,0.728521386,0.888039778,0.801783447,0.828993854,0.808403773,0.815204986,0.793634969,0.800752948,0.89185224,0.53180778,0.380958775,0.698920362,0.816565633,0.582183187,0.649433899,0.745503784,0.959655539
,,,,,,,,,,,,,,,,,,,,,,,,,,,,,,,,,,,,,,,,,,,,,,,,,,,,,,,,,,,,,,,,,,,,,,,,,,,,,,,,,,
17,distilbert-base-multilingual-cased,udpos,baseline,1965,0,0,0,0.058524724,0,0.058524724,0.856652251,0.791427458,0.875327927,0.837218781,0.695820929,0.852558371,0.508088806,0.865258006,0.87708271,0.748331047,0.729624626,0.824622385,0.852301418,0.634574749,0.650917302,0.794430089,0.849740004,0.48784043,0.546201935,0.713403392,0.892511513,0.798387811,0.827865689,0.797745927,0.817750856,0.774539877,0.795567552,0.895153262,0.513043478,0.302896021,0.710645461,0.815866169,0.578084483,0.6504329,0.740056283,0.960481302,0.856652251,0.791427458,0.875327927,0.837218781,0.695820929,0.852558371,0.508088806,0.865258006,0.87708271,0.748331047,0.729624626,0.824622385,0.852301418,0.634574749,0.650917302,0.794430089,0.849740004,0.48784043,0.546201935,0.713403392,0.892511513,0.798387811,0.827865689,0.797745927,0.817750856,0.774539877,0.795567552,0.895153262,0.513043478,0.302896021,0.710645461,0.815866169,0.578084483,0.6504329,0.740056283,0.960481302
